osm_id,name,type,ref,lat,lon
node/41958626,Maastricht Randwyck,stop,2,50.8376314,5.717595
node/41984084,Schin op Geul,station,Sog,50.8559809,5.8714734
node/41984490,Schin op Geul,stop,1,50.8562856,5.8722543
node/42000020,Klimmen-Ransdaal,stop,1,50.8662479,5.8901819
node/42006537,Maastricht Noord,stop,2,50.8705303,5.7175273
node/42011214,Houthem-Sint Gerlach,stop,1,50.8733825,5.7964022
node/42015863,Chevremont,stop,1,50.8761756,6.0595314
node/42026539,Meerssen,stop,1,50.8825619,5.7505828
node/42032185,Voerendaal,stop,1,50.8868243,5.9294293
node/42037239,Heerlen,stop,1,50.8906559,5.9753028
node/42038079,Eygelshoven,stop,2,50.8901141,6.0455119
node/42043721,Heerlen Woonboulevard,stop,1,50.8961357,5.9528939
node/42053780,Hoensbroek,stop,1,50.9055895,5.9302707
node/42084791,Spaubeek,stop,2,50.9434607,5.8496099
node/42088494,Beek-Elsloo,stop,2,50.9478069,5.7872235
node/42102055,Geleen Oost,stop,2,50.9670372,5.8432373
node/42108132,Geleen-Lutterade,stop,2,50.9754547,5.8244169
node/42120928,Sittard,stop,3a,51.0012601,5.858317
node/42146945,Echt,stop,1,51.1001285,5.8788758
node/42199496,Roermond,stop,2,51.1925263,5.994106
node/42235002,Swalmen,stop,1,51.2353778,6.0315608
node/42250938,Weert,stop,2,51.2488202,5.7031571
node/42299017,Reuver,stop,1,51.2829991,6.0793649
node/42299776,Reuver,stop,2,51.2829604,6.0794497
node/42490556,Blerick,stop,3,51.3724773,6.1553835
node/42515590,Heeze,stop,2,51.3852329,5.5694542
node/42598910,Horst-Sevenum,stop,1,51.4269585,6.0413454
node/42614391,Krabbendijke,stop,1,51.4326999,4.1186069
node/42631488,Kwadendamme,stop,Kdm,51.4407068,3.8894157
node/42668833,Nisse,stop,Ni,51.4539473,3.8800765
node/42675172,Deurne,stop,1,51.4561049,5.7881031
node/42699513,Vlissingen Souburg,stop,2,51.4650554,3.5952907
node/42708577,Helmond 't Hout,stop,1,51.4680329,5.6312611
node/42714941,Helmond Brouwhuis,stop,1,51.4705815,5.7016874
node/42715031,Helmond Brouwhuis,station,Hmbh,51.4706226,5.70137
node/42728632,Helmond,stop,1,51.475497,5.6616731
node/42743713,Kapelle-Biezelinge,stop,2,51.4804309,3.9567925
node/42792154,Middelburg,stop,2,51.4951303,3.6183164
node/42805451,Goes,stop,2,51.4981406,3.8895966
node/42820035,Arnemuiden,stop,1,51.5015355,3.6697863
node/42915222,Venray,stop,Vry,51.5261184,6.0146841
node/43028618,Tilburg,stop,1,51.560617,5.0833234
node/43044523,Tilburg Universiteit,station,Tbu,51.5652341,5.0516776
node/43044999,Tilburg Universiteit,stop,2,51.5651954,5.0501998
node/43115032,Oisterwijk,stop,1,51.5820169,5.1934345
node/43124982,Gilze-Rijen,station,Gz,51.5840224,4.9242259
node/43160670,Vierlingsbeek,station,Vlb,51.5920221,5.9970961
node/43163076,Vierlingsbeek,stop,1,51.592413,5.99688
node/43345288,Boxmeer,stop,2,51.6440494,5.9396202
node/43346790,Boxmeer,station,Bmr,51.6444304,5.9395217
node/43350498,Boxmeer,stop,1,51.6451999,5.9385003
node/43396053,Vught,stop,1,51.6556059,5.2919866
node/43529858,'s-Hertogenbosch,stop,1,51.6905518,5.293996
node/43568886,'s-Hertogenbosch Oost,stop,2,51.7005336,5.3191174
node/43660437,Cuijk,stop,2,51.726767,5.8741794
node/43764875,Oss West,stop,2,51.758426,5.5069494
node/43861273,Ravenstein,station,Rvs,51.7947915,5.6377036
node/43974591,Nijmegen Dukenburg,stop,2,51.8239159,5.7942529
node/43986402,Nijmegen Heyendaal,stop,2,51.8268303,5.8679031
node/43991043,Nijmegen Goffert,stop,2,51.8274191,5.8233615
node/44006506,Sliedrecht,stop,2,51.8296499,4.7781279
node/44009081,Hardinxveld-Giessendam,stop,2,51.8304637,4.8353989
node/44009511,Hardinxveld-Giessendam,stop,1,51.8304268,4.8354003
node/44017839,Boven Hardinxveld,stop,2,51.8323686,4.8785195
node/44022289,De Akkers,stop,,51.8332824,4.3198759
node/44024765,Gorinchem,stop,1,51.8338368,4.9678376
node/44061300,Nijmegen,station,Nm,51.8431362,5.8530913
node/44073084,Spijkenisse Centrum,stop,,51.8465371,4.3344807
node/44118781,Rhoon,stop,,51.8591157,4.4194958
node/44129775,Poortugaal,stop,,51.8617079,4.3957852
node/44170606,Arkel,stop,1,51.8719982,4.9926019
node/44182229,Slinge,stop,,51.8745947,4.4776683
node/44210416,Rotterdam Lombardijen,stop,3,51.8803491,4.5310151
node/44234275,Pernis,stop,,51.8849705,4.3818923
node/44243741,Zuidplein,stop,2,51.8869,4.4883
node/44259401,Tiel,stop,3,51.8898569,5.4230931
node/44260445,Tiel,stop,2,51.8898072,5.4231762
node/44283580,Leerdam,stop,1,51.8946179,5.093363
node/44284043,Leerdam,stop,2,51.8946382,5.0924835
node/44295310,Maashaven,stop,,51.8971985,4.4947288
node/44306118,Beesd,stop,2,51.899489,5.1957702
node/44318085,Vlaardingen Centrum,stop,2,51.9030068,4.3436967
node/44322644,Rijnhaven,stop,,51.9035882,4.4967671
node/44324523,Vlaardingen West,station,VDW,51.9037705,4.3151182
node/44328035,Rotterdam Zuid,stop,2,51.9049278,4.5099385
node/44344049,Vijfsluizen,stop,2,51.9091428,4.372119
node/44350276,Vlaardingen Oost,stop,2,51.9102661,4.36195
node/44376820,Troelstralaan,stop,,51.9155218,4.384684
node/44382164,Maassluis Centrum,stop,2,51.9163694,4.2536093
node/44386148,Elst,station,Est,51.9172427,5.8549331
node/44396486,Zetten-Andelst,station,Za,51.9197801,5.7233591
node/44404495,Parkweg,stop,,51.921202,4.3940136
node/44406462,Schiedam Centrum,stop,1,51.9217821,4.4092852
node/44408869,Hemmen-Dodewaard,station,Hmn,51.9224135,5.6736223
node/44412148,Zevenaar,station,Zv,51.9231973,6.0719818
node/44412732,Zevenaar,stop,3,51.9230712,6.0720836
node/44428365,Opheusden,station,Op,51.9260391,5.6374111
node/44455530,Kesteren,stop,3,51.9314734,5.5834334
node/44466136,Didam,stop,1,51.9332884,6.1323152
node/44513069,Rotterdam Noord,stop,2,51.9422835,4.4815737
node/44520232,Duiven,station,Dvn,51.9434452,6.0144531
node/44561380,Rotterdam Alexander,stop,2,51.951732,4.5524521
node/44573220,Capelle Schollevaar,stop,2,51.9541346,4.5840874
node/44589104,Wehl,stop,2,51.9571333,6.2137179
node/44589538,Wehl,stop,1,51.9572021,6.2136993
node/44592929,Rhenen,stop,1,51.9580058,5.5783176
node/44599053,Doetinchem De Huet,stop,1,51.959148,6.2600301
node/44627738,Nieuwerkerk aan den IJssel,stop,1,51.9652925,4.6168957
node/44631180,Nieuwerkerk aan den IJssel,stop,2,51.9653148,4.6168528
node/44644240,Winterswijk,stop,1a,51.9684865,6.7142993
node/44727803,Arnhem Centraal,station,Ah,51.9844332,5.9011598
node/44731315,Arnhem Velperpoort,station,Ahp,51.9851244,5.9199033
node/44742522,Arnhem Presikhaaf,stop,2,51.9875858,5.9429431
node/44757299,Delft Campus,stop,3,51.9910966,4.3646542
node/44775615,Oosterbeek,stop,1,51.9947972,5.8404997
node/44776842,Velp,stop,2,51.9949913,5.9810216
node/44822867,Wolfheze,station,Wf,52.0056717,5.7923944
node/44843881,Rheden,stop,2,52.0100685,6.0310626
node/44863814,Gouda Goverwelle,stop,1,52.0148838,4.7420758
node/44873654,Gouda,stop,3,52.0173047,4.7052653
node/44883991,Veenendaal Centrum,stop,1,52.019656,5.549245
node/44919277,Ede-Wageningen,stop,4,52.0274776,5.6733673
node/44919922,Ede-Wageningen,stop,3,52.0276272,5.6732598
node/44920604,Ede-Wageningen,station,Ed,52.0274114,5.6741136
node/44922274,Veenendaal West,station,Vndw,52.0281017,5.5315679
node/44949685,Houten,stop,2,52.0342898,5.1678419
node/44974644,Rijswijk,stop,1,52.0373977,4.3219491
node/44999893,Waddinxveen,stop,2,52.0441163,4.6498406
node/45000922,Dieren,stop,1,52.0446407,6.1030178
node/45006812,Veenendaal-De Klomp,stop,2,52.0454375,5.5759308
node/45008099,Veenendaal-De Klomp,stop,1,52.0460991,5.5725156
node/45010511,Zoetermeer Oost,stop,1,52.0465242,4.4919349
node/45015239,Zoetermeer,stop,3,52.0476324,4.4770697
node/45018824,Driemanspolder,station,,52.0484521,4.4772981
node/45047359,Waddinxveen Noord,stop,1,52.0552029,4.6484442
node/45070591,Centrum-West,stop,2,52.0606307,4.483495
node/45072497,Stadhuis,stop,1,52.0611218,4.4931461
node/45079163,Voorweg Hoog,stop,1,52.0629334,4.4712044
node/45081749,Seghwaert,stop,1,52.0630637,4.5153024
node/45082393,Bunnik,stop,1,52.0632287,5.1957906
node/45086683,Maarn,stop,1,52.0641122,5.3706633
node/45095869,Utrecht Lunetten,station,Utln,52.0664082,5.1432619
node/45099168,Voorburg,stop,1,52.066724,4.3593198
node/45099226,Buytenwegh,station,,52.0667621,4.4786685
node/45102238,Utrecht Lunetten,stop,1,52.0672745,5.1425551
node/45112674,Forepark,station,FPA,52.0698797,4.392994
node/45113040,Den Haag Hollands Spoor,stop,3,52.0698899,4.3224156
node/45119673,De Leyens,stop,2,52.0719307,4.4948903
node/45139736,Boskoop,stop,2,52.0770685,4.6465718
node/45148091,Boskoop,stop,1,52.0770569,4.6467077
node/45161860,Bodegraven,stop,2,52.0814373,4.7462415
node/45175929,Woerden,stop,2,52.0849647,4.8929107
node/45177087,Woerden,stop,1,52.0850635,4.8928175
node/45177600,Lunteren,stop,1,52.0851124,5.6242639
node/45198301,Utrecht Centraal,station,Ut,52.0893925,5.109821
node/45204707,Brummen,station,Bmn,52.0907483,6.147059
node/45243362,Utrecht Terwijde,station,Utt,52.1002155,5.0435521
node/45274497,Vorden,stop,1,52.1072553,6.3176125
node/45283653,Utrecht Overvecht,stop,3,52.1101281,5.1254593
node/45360025,Voorschoten,stop,4,52.12615,4.4338366
node/45376421,Bilthoven,stop,1,52.1302537,5.204637
node/45377265,Bilthoven,stop,2,52.130113,5.2047041
node/45402645,Maarssen,station,Mas,52.135947,5.0330252
node/45423425,Barneveld Centrum,stop,2,52.1395977,5.5905582
node/45424850,Den Dolder,stop,1,52.1402711,5.2419351
node/45449233,Leiden Lammenschans,stop,1,52.1467153,4.4928789
node/45457797,De Vink,stop,4,52.1471157,4.45648
node/45486403,Amersfoort Centraal,stop,2,52.153533,5.3725497
node/45489203,Amersfoort Centraal,station,Amf,52.153898,5.3740976
node/45517303,Barneveld Noord,stop,1,52.1611297,5.5983596
node/45535133,Soest Zuid,stop,1,52.1652242,5.3028427
node/45537286,Leiden Centraal,stop,5b,52.1660552,4.48184
node/45539702,Hoevelaken,stop,1,52.1664506,5.4579568
node/45541072,Lochem,stop,2,52.1668385,6.426383
node/45569132,Amersfoort Schothorst,stop,2,52.1748187,5.4039254
node/45601106,Soestdijk,stop,1,52.1838537,5.2999885
node/45742075,Sassenheim,stop,1,52.2150718,4.5165733
node/45744866,Hilversum Sportpark,stop,1,52.2163979,5.1872864
node/45756882,Glanerbrug,station,Gbr,52.2187045,6.9741204
node/45772848,Nijkerk,stop,2,52.2220158,5.4935449
node/45785882,Voorhout,stop,2,52.2253531,4.4840277
node/45807491,Goor,stop,2,52.2302249,6.5868009
node/45836125,Enschede Kennispark,station,Esk,52.237419,6.8387936
node/45884321,Deventer Colmschate,stop,2,52.2503343,6.2156379
node/45911933,Deventer,stop,3,52.2570892,6.1613302
node/45920072,Nieuw Vennep,station,Nvp,52.2588593,4.6453582
node/45924538,Delden,stop,1,52.2601198,6.715144
node/45931397,Hengelo,station,Hgl,52.2617754,6.7949086
node/45946170,Putten,stop,1,52.2654832,5.5758988
node/45946917,Bussum Zuid,stop,2,52.2658454,5.1628651
node/45960709,Hengelo Oost,station,Hglo,52.2689875,6.8197673
node/45999692,Naarden-Bussum,stop,1,52.2809532,5.1571948
node/46002834,Naarden-Bussum,stop,2,52.2809496,5.1571384
node/46015291,Holten,stop,1,52.2840605,6.421178
node/46088188,Ermelo,stop,1,52.3011417,5.6145496
node/46108981,Oldenzaal,station,2,52.3062438,6.9340349
node/46131574,Rijssen,stop,Rsn,52.3117227,6.5192633
node/46226599,Olst,stop,2,52.3357035,6.1134665
node/46237348,Harderwijk,stop,1,52.3375205,5.6202705
node/46257382,Almelo de Riet,stop,1,52.3422418,6.6664249
node/46321985,Almelo,stop,4b,52.356941,6.6556709
node/46333251,Heemstede-Aerdenhout,stop,2,52.3595117,4.6067599
node/46342191,Wierden,stop,1,52.3614632,6.5921643
node/46383478,Nunspeet,stop,1,52.3706,5.7836879
node/46402865,Almere Centrum,stop,3,52.3750127,5.2177316
node/46410951,Almere Parkwijk,station,Almp,52.376736,5.2447045
node/46439907,Haarlem Spaarnwoude,stop,2,52.3828591,4.6712477
node/46472215,Wijhe,stop,1,52.3902786,6.1404524
node/46475056,Overveen,stop,1,52.3911122,4.606862
node/46475255,Wijhe,station,Wh,52.3909959,6.1410453
node/46487439,Almere Buiten,station,Almb,52.3941912,5.2779576
node/46513637,Bloemendaal,stop,2,52.4043228,4.6277708
node/46518211,Bloemendaal,stop,1,52.4043519,4.6275758
node/46533424,'t Harde,stop,1,52.4091595,5.893
node/46563490,Santpoort Zuid,stop,1,52.4193419,4.631318
node/46603398,Santpoort Noord,stop,2,52.4336932,4.6324945
node/46623447,Driehuis,stop,1,52.4427092,4.6387782
node/46651568,Wezep,stop,2,52.4543958,6.0030917
node/46652175,Wezep,stop,,52.453619,6.0018974
node/46661432,Vroomshoop,stop,2,52.4572912,6.569568
node/46661483,Vroomshoop,stop,1,52.4572934,6.5697095
node/46715467,Beverwijk,stop,4,52.4785249,4.6566434
node/46716265,Beverwijk,stop,5,52.4784411,4.6567712
node/46751266,Heemskerk,stop,2,52.4946222,4.6861461
node/46781497,Zwolle,stop,7,52.5046802,6.0913417
node/46784344,Zwolle,stop,1a,52.5050107,6.0916816
node/46792197,Lelystad Centrum,station,Lls,52.5079328,5.4727185
node/46795325,Mariënberg,stop,3,52.5091468,6.5749489
node/46930023,Kampen,stop,1,52.5597447,5.9215725
node/46951013,Hardenberg,stop,2,52.5722717,6.6279598
node/46992905,Heiloo,stop,2,52.5999378,4.700939
node/47008351,Gramsbergen,stop,2,52.6098569,6.6764348
node/47129352,Coevorden,station,Co,52.6630362,6.7360253
node/47130880,Coevorden,stop,1,52.6634723,6.7357686
node/47210817,Meppel,stop,3,52.6918925,6.1980483
node/47217234,Dalen,stop,1,52.694698,6.7584798
node/47318936,Hoogeveen,stop,2,52.7336226,6.4727728
node/47322653,Hoogeveen,stop,1,52.7335912,6.4728093
node/47350480,Emmen Zuid,stop,1,52.7486908,6.8743723
node/47429027,Emmen,stop,1,52.7906277,6.8996752
node/47430539,Steenwijk,stop,2,52.7912138,6.1164584
node/47430769,Steenwijk,stop,1,52.791135,6.1164222
node/47526218,Beilen,stop,1,52.8550687,6.5212374
node/47565148,Wolvega,stop,3,52.8802572,6.0048122
node/47670218,Den Helder,station,Hdr,52.9568469,4.7606663
node/47729028,Stadskanaal,station,Skn,52.996217,6.9356835
node/48025499,Winschoten,stop,2,53.1390934,7.0357539
node/48025691,Winschoten,stop,1,53.1391673,7.0357811
node/48075594,Hoogezand-Sappemeer,stop,1,53.1597689,6.7710138
node/48077931,Martenshoek,stop,2,53.1607916,6.7404141
node/48079554,Kropswolde,stop,2,53.1614575,6.7237659
node/48080064,Kropswolde,stop,1,53.1617455,6.7220983
node/48089731,Scheemda,stop,1,53.165366,6.9781506
node/48090436,Scheemda,stop,2,53.1653541,6.9780122
node/48236798,Groningen Noord,stop,1,53.2298432,6.5563013
node/48275352,Zuidhorn,stop,2,53.2481128,6.4069442
node/48358465,Bedum,stop,1,53.306889,6.5927108
node/48387592,Appingedam,station,Apg,53.3257678,6.862006
node/48402309,Loppersum,stop,2,53.3348209,6.7473852
node/48467986,Usquert,stop,1,53.4009373,6.609438
node/48475359,Uithuizen,stop,1,53.4096488,6.6748391
node/48478158,Uithuizermeeden,stop,2,53.4139668,6.7203372
node/80059650,Groningen Europapark,stop,1,53.2047201,6.5858377
node/186959304,Eendrachtsplein,stop,,51.9163189,4.4737535
node/193891069,Helmond Brandevoort,stop,1,51.4624418,5.6086696
node/196326957,Dijkzigt,stop,,51.9122274,4.4661327
node/205433667,Zalmplaat,stop,,51.8550273,4.3625942
node/205435852,Heemraadlaan,stop,,51.8377543,4.3316593
node/205475490,Tussenwater,stop,1,51.8626126,4.3767863
node/206308653,Palenstein,stop,1,52.0597007,4.5064194
node/206309542,Leidsewallen,stop,2,52.0690002,4.5095848
node/230040193,Tiel Passewaaij,station,Tpsw,51.8736724,5.3918894
node/232079045,Vleuten,station,Vtn,52.1029729,5.0076189
node/247389009,Willem Dreeslaan,station,,52.0652767,4.5345966
node/247389112,Javalaan,stop,1,52.0537348,4.5378609
node/270297127,Station De Oost,halt,,51.6480639,5.0543799
node/270297202,Marerijk,halt,,51.652105,5.0467802
node/288151822,Schiedam Centrum,stop,3,51.9219305,4.4094723
node/291982984,Leidschenveen,station,LVN,52.0647304,4.400391
node/292804256,Beatrixkwartier,stop,,52.0799904,4.3348431
node/296969125,Amersfoort Vathorst,stop,3,52.1924632,5.4336789
node/297878217,Essen,stop,,51.4626764,4.4511381
node/298914997,Tilburg Reeshof,stop,2,51.5736458,4.9934851
node/305809326,Venray,stop,2,51.5265452,6.0144265
node/320494336,Arnhem Zuid,station,Ahz,51.9544945,5.8519491
node/333295523,Zoetermeer Oost,stop,2,52.0463952,4.4918854
node/339177719,Gouda,stop,8,52.017677,4.7033283
node/340009109,Apeldoorn De Maten,stop,1,52.2051555,6.0006119
node/364712203,Bunde,stop,2,50.8964511,5.7367567
node/382406682,Apeldoorn Osseveld,stop,1,52.2157148,6.0061201
node/390856543,Zaltbommel,stop,1,51.8078374,5.263409
node/392698113,Mook Molenhoek,stop,1,51.7662754,5.8788202
node/402952540,Rotterdam Centraal,stop,8,51.9250161,4.4689283
node/506074552,Alphen aan den Rijn,stop,2,52.124782,4.6572276
node/560140743,Tiel,station,Tl,51.8896753,5.4232131
node/560815214,Nijmegen Heyendaal,stop,1,51.8268047,5.8678616
node/563874508,Almere Oostvaarders,station,Almo,52.4032804,5.3006021
node/564110582,Utrecht Overvecht,stop,2,52.110023,5.1255235
node/564177425,Wijchen,station,Wc,51.8112191,5.7297547
node/568060988,Grote Markt,stop,,52.0754813,4.3091195
node/568060989,Spui,stop,,52.077088,4.3136908
node/611318371,Vierlingsbeek,stop,2,51.5918763,5.9971503
node/635300176,Dronten,station,Dron,52.5343316,5.7215719
node/660236290,Centrum-West,stop,3,52.0605245,4.4834504
node/693085424,Geldrop,station,Gp,51.420289,5.5502017
node/697290420,Monorail,halt,,51.6528103,5.0490113
node/704153268,De Vink,stop,1,52.1472657,4.4561375
node/716881900,Geldermalsen,stop,3,51.8826799,5.2715929
node/717412767,Opheusden,stop,1,51.9261116,5.6368226
node/717522474,Gorinchem,stop,2,51.8339187,4.9677868
node/726296422,Eygelshoven Markt,stop,Eghm,50.8960592,6.0578718
node/737323501,Meerssen,stop,2,50.8826329,5.7505858
node/751992465,Tegelen,stop,1,51.3391874,6.1431094
node/772826063,Maarheeze,stop,2,51.3041487,5.6304081
node/821254661,Heerenveen IJsstadion,halt,Hry,52.9361531,5.9431983
node/825221409,Houten,stop,1,52.034338,5.1680432
node/918622302,Bareveld,station,Brv,53.0535756,6.850223
node/918633134,Veendam,station,Vdm,53.1039225,6.8849785
node/1023505428,Nijmegen,stop,4b,51.8428755,5.8519923
node/1023505706,Nijmegen,stop,1b,51.8428653,5.8524163
node/1023505932,Nijmegen,stop,3b,51.842881,5.852292
node/1023505960,Nijmegen,stop,1a,51.8446996,5.8533434
node/1023684593,Cuijk,stop,1,51.7271575,5.8739877
node/1023684961,Cuijk,stop,3,51.7264921,5.8742011
node/1023731907,Nijmegen Lent,stop,2,51.8626411,5.8596396
node/1025057532,Zaltbommel,stop,2,51.8078336,5.2633534
node/1025379980,Geldermalsen,stop,4,51.8826253,5.2712591
node/1025546582,'s-Hertogenbosch,stop,6b,51.6896246,5.2930379
node/1026245100,Tilburg,stop,2,51.560653,5.0833313
node/1026245261,Tilburg,stop,3,51.5607791,5.0833773
node/1026360052,Tilburg Universiteit,stop,1,51.5649077,5.0523482
node/1026360079,Gilze-Rijen,stop,4,51.5837357,4.9254151
node/1027174051,Oss,stop,1,51.7654425,5.5317538
node/1027174221,Rosmalen,station,Rs,51.7151523,5.369582
node/1027273932,Nijmegen Goffert,stop,1,51.8274551,5.8233467
node/1027273976,Wijchen,stop,1,51.8116965,5.7309913
node/1027919659,Kruiningen-Yerseke,stop,2,51.4650718,4.0377285
node/1028144465,Goes,stop,1,51.4982764,3.8900385
node/1029949653,Eindhoven Stadion,halt,Ehst,51.4429638,5.467376
node/1030089996,Helmond 't Hout,stop,2,51.4680011,5.6312797
node/1030090343,Helmond Brouwhuis,stop,2,51.4705467,5.701673
node/1031072946,Geldrop,stop,1,51.4206444,5.5499198
node/1036460456,Roermond,stop,1,51.1925366,5.9940475
node/1037198787,Susteren,stop,1,51.0609475,5.8628907
node/1037198835,Susteren,stop,2,51.0609389,5.8629444
node/1037346806,Ede-Wageningen,stop,1a,52.0279069,5.6722201
node/1037764016,Veenendaal Centrum,stop,2,52.0196332,5.5491792
node/1037928870,Barneveld Centrum,stop,1,52.1400257,5.5902065
node/1038133936,Utrecht Overvecht,stop,1,52.1099898,5.1255412
node/1038297073,Den Dolder,stop,2,52.1401268,5.2420381
node/1038693330,Amersfoort Centraal,stop,7,52.1540157,5.3725044
node/1038693650,Amersfoort Centraal,stop,1,52.1532247,5.3704169
node/1038795180,Amersfoort Centraal,stop,4b,52.1536727,5.3741516
node/1038795217,Amersfoort Schothorst,stop,1,52.1749041,5.4037914
node/1038795274,Amersfoort Schothorst,stop,3,52.1747893,5.4039615
node/1038811024,Hoevelaken,stop,2,52.1664146,5.4579504
node/1039590740,Bussum Zuid,stop,1,52.2658188,5.1629356
node/1039592639,Hilversum Sportpark,stop,2,52.2172896,5.18742
node/1041166485,Winterswijk West,stop,,51.9746496,6.7036895
node/1041750301,Almere Centrum,stop,1,52.3751859,5.2176665
node/1044110542,Haarlem Spaarnwoude,stop,1,52.3830109,4.6739243
node/1046554637,Leiden Centraal,stop,9b,52.1662294,4.4814658
node/1046554724,Sassenheim,stop,2,52.2150386,4.5165968
node/1051894472,Den Haag Ypenburg,stop,1,52.0558384,4.3909684
node/1051894499,Den Haag Ypenburg,stop,2,52.055562,4.3913875
node/1051895404,Waddinxveen,stop,1,52.0441117,4.6499722
node/1052734566,Capelle Schollevaar,stop,1,51.9540983,4.5840973
node/1052735648,Woerden,stop,6,52.0847362,4.8931261
node/1052736219,Rotterdam Alexander,stop,1,51.9519097,4.5552416
node/1053173589,Rotterdam Centraal,stop,13,51.9253937,4.468719
node/1053174083,Rotterdam Centraal,stop,16,51.9255139,4.4679403
node/1053174299,Rotterdam Centraal,stop,15,51.9255722,4.4686658
node/1053174401,Rotterdam Centraal,stop,14,51.9255318,4.4686821
node/1055364855,Vlaardingen Centrum,stop,1,51.9031818,4.3435659
node/1055365148,Vlaardingen Oost,stop,1,51.9101388,4.3615059
node/1055365458,Maassluis Centrum,stop,1,51.9164717,4.2538524
node/1055365774,Schiedam Centrum,stop,2,51.9218178,4.4093137
node/1055713548,Rotterdam Lombardijen,stop,2,51.8803684,4.5310918
node/1055713791,Rotterdam Zuid,stop,3,51.9048697,4.5097565
node/1080554730,Heiloo,stop,1,52.5998762,4.7011218
node/1084141029,Den Haag Moerwijk,stop,2,52.0540067,4.308509
node/1084141311,Den Haag Moerwijk,stop,4,52.0540082,4.30875
node/1084141614,Den Haag Moerwijk,stop,3,52.054007,4.3085685
node/1084141704,Den Haag Hollands Spoor,stop,6,52.0695772,4.3228652
node/1084141938,Den Haag Moerwijk,stop,1,52.0540055,4.3083288
node/1084464654,Delft Campus,stop,2,51.9911068,4.364713
node/1085650100,Zevenaar,stop,2,51.9231418,6.0721442
node/1085650232,Duiven,stop,2,51.9434972,6.0142727
node/1095035331,Gaanderen,stop,1,51.9308794,6.3483995
node/1095248611,Zutphen,stop,3,52.1449035,6.1940867
node/1097067740,Arnhem Presikhaaf,stop,1,51.9876135,5.9428996
node/1097067879,Brummen,stop,2,52.0907971,6.1468662
node/1097068227,Dieren,stop,2,52.0447076,6.1028223
node/1104701610,Loppersum,stop,1,53.3347564,6.7473726
node/1112389799,Groningen Europapark,stop,2,53.204692,6.5857992
node/1112410297,Groningen,station,Gn,53.2109237,6.5641028
node/1117724735,Apeldoorn Osseveld,stop,2,52.2157464,6.0060898
node/1119517249,Wijhe,stop,2,52.390268,6.1405068
node/1119517409,Olst,stop,3,52.3356335,6.1135857
node/1122446582,Zwolle,stop,3a,52.5049507,6.091626
node/1122446619,Zwolle,stop,6,52.5047992,6.0914637
node/1122447427,Zwolle,stop,9,52.504609,6.091279
node/1122448921,Zwolle,stop,5a,52.5048343,6.0915007
node/1122449068,Zwolle,stop,1a,52.5044632,6.0932137
node/1124051320,Ermelo,stop,2,52.301165,5.614335
node/1124051609,Amersfoort Vathorst,stop,1,52.1925733,5.4335076
node/1124762573,Delden,stop,2,52.2600436,6.7151397
node/1124762749,Lochem,stop,1,52.1667492,6.4263732
node/1124762943,Hengelo,stop,3,52.2616923,6.7944238
node/1125577111,Almelo,stop,2b,52.3568564,6.6555177
node/1129504220,Coevorden,stop,2,52.6634569,6.7355971
node/1129504432,Hardenberg,stop,1,52.5723067,6.6278665
node/1129561426,Meppel,stop,1,52.6919139,6.1977904
node/1129849968,Heerenveen,stop,3,52.9606216,5.9153395
node/1129850249,Heerenveen,stop,2,52.9606727,5.9154829
node/1131105248,Groningen Europapark,stop,3,53.2045966,6.585669
node/1133589413,Uithuizermeeden,stop,1,53.4139115,6.7203079
node/1133589609,Appingedam,stop,2,53.3258964,6.8623381
node/1133589716,Groningen Noord,stop,2,53.2298641,6.5562556
node/1143678553,Driehuis,stop,2,52.4427803,4.6386431
node/1143678562,Santpoort Noord,stop,1,52.4341016,4.6326711
node/1157626105,Maastricht Noord,stop,1,50.8705085,5.717573
node/1157626466,Beek-Elsloo,stop,1,50.9477765,5.7872545
node/1163130149,Spaubeek,stop,1,50.9433923,5.8495731
node/1163130220,Heerlen,stop,5,50.8910764,5.9748395
node/1163130401,Heerlen,stop,4,50.8910956,5.9739744
node/1163130507,Heerlen,stop,2,50.8909663,5.9742117
node/1166379845,Bodegraven,stop,1,52.08147,4.7462589
node/1213571353,Veendam,stop,5,53.1049281,6.8862537
node/1233812055,Utrecht Vaartsche Rijn,station,Utvr,52.0787573,5.1218783
node/1268704948,Houten Castellum,station,Htnc,52.0168609,5.1794728
node/1335556418,Kampen Zuid,stop,1,52.5330167,5.9132939
node/1337563689,Vleuten,stop,4,52.1030403,5.0076479
node/1337563702,Vleuten,stop,1,52.1028975,5.0075947
node/1343446663,Spui,stop,,52.0774196,4.3147737
node/1372328532,Utrecht Leidsche Rijn,stop,1,52.098857,5.0651921
node/1372328544,Utrecht Leidsche Rijn,stop,4,52.099081,5.0652584
node/1372328609,Utrecht Terwijde,stop,4,52.1002917,5.0436263
node/1431304716,Beatrixkwartier,stop,,52.0799969,4.3350128
node/1431304718,Delftsewallen,stop,2,52.0508174,4.487058
node/1431304720,Driemanspolder,stop,1,52.0484691,4.4772996
node/1431304723,Leidschenveen,stop,RR,52.0647841,4.4001451
node/1431304724,Meerzicht,stop,2,52.0554333,4.4698897
node/1431304731,Willem Dreeslaan,stop,1,52.0652873,4.5346134
node/1501779254,Lelystad Centrum,stop,1,52.5076375,5.4724982
node/1501779256,Lelystad Centrum,stop,4,52.5076565,5.4730021
node/1501779951,Kampen Zuid,stop,2,52.5329667,5.9132266
node/1506143976,Heerlen,station,Hrl,50.8908484,5.9751061
node/1506495806,Susteren,station,Srn,51.0609667,5.8629282
node/1513523283,Tussenwater,stop,10,51.8624221,4.3768723
node/1513523325,Pernis,stop,,51.8849065,4.3817128
node/1527144267,Geldrop,stop,2,51.419874,5.5506337
node/1541025639,Oosterheem,stop,1,52.0603334,4.5426846
node/1543214128,Westervoort,station,Wtv,51.9629903,5.9692518
node/1544903778,Centraal Station,stop,A,52.0810297,4.3237246
node/1544903790,Centraal Station,stop,D,52.0811694,4.3246781
node/1544903793,Grote Markt,stop,,52.0756791,4.3098688
node/1560677953,Hardinxveld Blauwe Zoom,stop,1,51.8296632,4.8163343
node/1563570846,Sassenheim,station,Ssh,52.2152104,4.5169358
node/1564402776,Leidschenveen,stop,M3,52.0644014,4.4009321
node/1583408417,Enschede De Eschmarke,station,Ese,52.2212722,6.9514664
node/1600595884,Rotterdam Stadion,halt,Rtst,51.893871,4.5196728
node/1602649951,Coolhaven,stop,,51.9094164,4.4583154
node/1602649954,Delfshaven,stop,,51.9099682,4.4456919
node/1602649971,Marconiplein,stop,,51.9131691,4.4327107
node/1614025145,Houten Castellum,stop,1,52.0169675,5.1795092
node/1624008233,Vijfsluizen,stop,1,51.9091623,4.3719035
node/1659009478,Maashaven,stop,,51.8971895,4.4947847
node/1673444987,Utrecht Maliebaan,station,Utm,52.0879425,5.1311656
node/1703564923,Tilburg Reeshof,stop,1,51.5736832,4.9935004
node/1716564811,Eys-Wittem,halt,Wtm,50.8231923,5.9246943
node/1725476292,Utrecht Vaartsche Rijn,stop,4,52.0785051,5.1217086
node/1735050606,Boven Hardinxveld,stop,1,51.8323308,4.8785341
node/1740845240,Hengelo Gezondheidspark,stop,1,52.2616514,6.7679502
node/1787484422,Almelo,stop,2,52.357902,6.6539259
node/1815023530,Eijsden,stop,1,50.771948,5.7100756
node/1857934106,Utrecht Lunetten,stop,2,52.0672242,5.142401
node/1903163029,Hall of Fame,station,43,52.4401918,5.7660752
node/1903163032,Crazy River,stop,,52.4417006,5.7652741
node/1923349745,Leidschenveen,stop,RR,52.0648743,4.4002639
node/1962328712,Alphen aan den Rijn,station,Apn,52.1248061,4.6571053
node/1975067973,Rijswijk,stop,3,52.0375183,4.3221404
node/1975093938,Barendrecht,stop,2,51.8545274,4.5536047
node/1975093940,Barendrecht,stop,3,51.8544636,4.5534598
node/1977738039,Sliedrecht,stop,1,51.8295924,4.7781059
node/2006602291,Arnhem Velperpoort,stop,2,51.9850917,5.9199462
node/2006604414,Oosterbeek,stop,2,51.9947685,5.8404673
node/2028453341,Schinnen,station,Sn,50.9390309,5.8745796
node/2040995122,Houten Castellum,stop,2,52.0169261,5.179332
node/2087306774,Rijssen,stop,,52.3117957,6.5191895
node/2098757864,Mook Molenhoek,stop,2,51.7668947,5.8791785
node/2110973934,Klimmen-Ransdaal,stop,2,50.8662767,5.8901497
node/2110973940,Voerendaal,stop,2,50.8868543,5.9294012
node/2110974080,Heerlen Woonboulevard,stop,2,50.8961682,5.9527828
node/2139471937,Hoensbroek,stop,2,50.9055579,5.9302439
node/2166650982,Den Haag Centraal,stop,11,52.0807033,4.3254446
node/2166650983,Den Haag Centraal,stop,12,52.0807262,4.3254864
node/2166650984,Den Haag Laan van NOI,stop,2,52.0788537,4.3424732
node/2166650985,Den Haag Laan van NOI,stop,1,52.0788819,4.3424367
node/2166691023,Leidschendam-Voorburg,stop,1,52.077595,4.382071
node/2166691027,Voorburg 't Loo,stop,2,52.0823125,4.3653047
node/2166691028,Voorburg 't Loo,stop,1,52.0823481,4.365329
node/2166691251,Leidschendam-Voorburg,stop,2,52.0775688,4.382029
node/2166704266,Forepark,stop,RR,52.0705433,4.3920966
node/2173483437,Berkel Westpolder,stop,2,51.9900716,4.454331
node/2173483442,Berkel Westpolder,stop,1,51.9900844,4.4543963
node/2173483446,Blijdorp,stop,,51.9305871,4.4580891
node/2173483451,Blijdorp,stop,,51.9306444,4.4582602
node/2173483455,Meijersplein / Airport,stop,,51.955892,4.4622518
node/2173483456,Meijersplein / Airport,stop,,51.9558934,4.4621931
node/2173483461,Nootdorp,stop,1,52.0474147,4.4147577
node/2173483465,Nootdorp,stop,2,52.0476886,4.4146505
node/2173483469,Pijnacker Centrum,stop,2,52.0205614,4.436941
node/2173483479,Pijnacker Centrum,stop,1,52.0205733,4.4369993
node/2173483482,Pijnacker Zuid,stop,,52.00473,4.4458505
node/2173483486,Pijnacker Zuid,stop,,52.0053612,4.4457505
node/2173483489,Rodenrijs,stop,2,51.9753996,4.4608061
node/2173483492,Rodenrijs,stop,1,51.9754027,4.4608735
node/2173557205,Rotterdam Centraal,stop,,51.923895,4.4698149
node/2173557206,Rotterdam Centraal,stop,,51.9240398,4.4697452
node/2173557215,Rotterdam Centraal,stop,,51.9237763,4.4698293
node/2173836228,Blaak,stop,,51.9199511,4.4892153
node/2173836229,Blaak,stop,,51.9200477,4.4890906
node/2173836230,Gerdesiaweg,stop,,51.925888,4.5058468
node/2173836231,Gerdesiaweg,stop,,51.925919,4.5058561
node/2173836232,Kralingse Zoom,stop,,51.9214158,4.5332967
node/2173836233,Kralingse Zoom,stop,,51.9215215,4.5333209
node/2173836234,Kralingse Zoom,stop,,51.9215508,4.5333392
node/2173836235,Kralingse Zoom,stop,,51.9216498,4.5333628
node/2173836236,Leuvehaven,stop,,51.9140338,4.4820214
node/2173836237,Leuvehaven,stop,,51.914034,4.4819628
node/2173836238,Oostplein,stop,,51.9233516,4.4970223
node/2173836239,Oostplein,stop,,51.9233643,4.4969723
node/2173836240,Stadhuis,stop,,51.9232269,4.4784926
node/2173836241,Stadhuis,stop,,51.9232449,4.4785436
node/2173836242,Voorschoterlaan,stop,,51.9249857,4.5130469
node/2173836243,Voorschoterlaan,stop,,51.9250144,4.5130657
node/2173836244,Wilhelminaplein,stop,,51.9077135,4.4925598
node/2173836245,Wilhelminaplein,stop,,51.9077405,4.4925955
node/2173836361,Beurs,stop,,51.9178668,4.4803884
node/2173836363,Beurs,stop,,51.9178996,4.4803692
node/2173836400,Beurs,stop,,51.9190178,4.4803477
node/2173836403,Beurs,stop,,51.9190265,4.480404
node/2175511591,Delft,stop,2,52.0072734,4.3567446
node/2175511597,Delft,stop,1,52.0073076,4.3569489
node/2178778483,Alexander,stop,,51.9514234,4.5518789
node/2178778484,Alexander,stop,,51.9514315,4.5519357
node/2178778485,Capelle Centrum,stop,,51.9313618,4.5895721
node/2178778486,Capelle Centrum,stop,,51.931394,4.5895479
node/2178778487,Capelsebrug,stop,,51.9213386,4.5580666
node/2178778489,Capelsebrug,stop,,51.9214011,4.5580137
node/2178778490,Capelsebrug,stop,,51.9215146,4.5579023
node/2178778491,De Terp,stop,,51.9360063,4.600662
node/2178778492,De Terp,stop,,51.9360939,4.600555
node/2178778493,Graskruid,stop,,51.9572084,4.5493737
node/2178778494,Graskruid,stop,,51.9572338,4.5495126
node/2178778495,Oosterflank,stop,,51.945224,4.5546059
node/2178778496,Oosterflank,stop,,51.9452332,4.5546607
node/2178778497,Prinsenlaan,stop,,51.9403447,4.5566863
node/2178778498,Prinsenlaan,stop,,51.9410889,4.5564294
node/2178778499,Schenkel,stop,,51.9308178,4.5639166
node/2178778500,Schenkel,stop,,51.9330353,4.5630324
node/2178778501,Slotlaan,stop,,51.9284615,4.5783313
node/2178778502,Slotlaan,stop,,51.9284912,4.5783229
node/2185343208,Ambachtsland,stop,,51.9657501,4.5702693
node/2185343213,Ambachtsland,stop,,51.9657823,4.5702677
node/2185343216,Binnenhof,stop,,51.9602878,4.5356879
node/2185343222,Binnenhof,stop,,51.960392,4.535619
node/2185343239,De Tochten,stop,,51.9688949,4.5786539
node/2185343248,De Tochten,stop,,51.968983,4.5785511
node/2185343253,Hesseplaats,stop,,51.9631918,4.5531731
node/2185343259,Hesseplaats,stop,,51.9632273,4.5531572
node/2185343265,Nesselande,stop,,51.9796734,4.5866641
node/2185343272,Nesselande,stop,,51.9796857,4.5864304
node/2185343280,Nieuw Verlaat,stop,,51.9648583,4.5619455
node/2185343285,Nieuw Verlaat,stop,,51.964759,4.5608378
node/2185343288,Romeynshof,stop,,51.9614907,4.5428775
node/2185343295,Romeynshof,stop,,51.9615326,4.5428599
node/2195493967,Wijlre,station,Wij,50.8330395,5.8980547
node/2195498166,Simpelveld,station,Spv,50.8315487,5.9784646
node/2195509430,Bocholtz,station,Bch,50.8170574,6.0055661
node/2195515087,Kerkrade ZLSM,station,Krd,50.8590632,6.0566467
node/2235176450,Beekbergen,station,Bbg,52.1599795,5.9866783
node/2235176452,Immenbergweg,station,,52.1482881,6.003991
node/2235179252,Loenen,station,Lnn,52.1293679,6.0293573
node/2235186029,Apeldoorn,station,Apd,52.2089862,5.9697859
node/2248781735,Essen,stop,,51.4626838,4.4511968
node/2251106171,Schin op Geul,stop,2,50.8563199,5.872244
node/2258436787,Kerkrade Centrum,stop,,50.8612397,6.0573042
node/2270878248,Utrecht Centraal,stop,5,52.0899994,5.1103722
node/2288890193,Hoogvliet,station,,51.8606168,4.3667811
node/2301063953,Houthem-Sint Gerlach,stop,2,50.8733906,5.7968504
node/2311222308,Vlissingen Souburg,stop,1,51.4639254,3.594651
node/2311291738,Arnemuiden,stop,2,51.5013627,3.6674435
node/2311297613,Kapelle-Biezelinge,stop,1,51.481175,3.9547337
node/2311307574,Krabbendijke,stop,2,51.4340589,4.1153169
node/2311617727,Meppel,stop,2,52.6919063,6.1978577
node/2311656679,Wolvega,stop,2,52.8802184,6.0047124
node/2312159339,Schinnen,stop,1,50.9388295,5.8755502
node/2313636900,Deventer,stop,1,52.2570197,6.1612717
node/2315939456,Swalmen,stop,2,51.2354049,6.0315126
node/2315939562,Tegelen,stop,2,51.3391609,6.1431495
node/2336169715,Tilburg Reeshof,station,Tbr,51.573665,4.9934935
node/2357304642,Hoogezand-Sappemeer,stop,2,53.1597056,6.7710044
node/2357304672,Martenshoek,stop,1,53.1608247,6.7404227
node/2359446679,Maastricht Randwyck,stop,1,50.8376367,5.7176475
node/2369355633,'s-Gravenpolder-'s-Heer Abtskerke,station,Gha,51.4620883,3.892375
node/2370341277,Goes,stop,Gs,51.4971722,3.8827289
node/2370354641,Kwadendamme,station,Kdm,51.4409246,3.8891869
node/2385694175,Schiedam Centrum,stop,2,51.9213535,4.4102346
node/2385694176,Schiedam Centrum,stop,1,51.9217737,4.4086615
node/2388757601,Rotterdam Blaak,stop,3,51.9201038,4.488978
node/2388757602,Rotterdam Blaak,stop,2,51.9201289,4.4890355
node/2398806785,Nijmegen Lent,stop,1,51.862647,5.859699
node/2423034041,Velp,stop,1,51.9950476,5.9809493
node/2431413900,Schinnen,stop,2,50.939196,5.8736651
node/2461007005,Wierden,stop,2,52.3614988,6.592157
node/2578899071,Wildervank,station,Wdv,53.0838251,6.8707393
node/2581766481,Ede Centrum,stop,1,52.0432827,5.6680632
node/2636314220,Barneveld Centrum,station,Bnc,52.1404556,5.5897695
node/2640081853,Grenzland-Draisine,station,Gb,51.7778349,5.9346023
node/2641332941,Dieren,station,Dr,52.0454027,6.1033427
node/2688456479,'s-Hertogenbosch,stop,3b,51.6895582,5.2934555
node/2688456535,'s-Hertogenbosch,stop,7a,51.690992,5.2933876
node/2689124810,'s-Hertogenbosch,stop,4b,51.6896014,5.2931836
node/2689124811,'s-Hertogenbosch,stop,7b,51.6896561,5.2928401
node/2757269573,Lichtenvoorde-Groenlo,station,Ltv,52.0120311,6.5960921
node/2772763488,Vught,station,Vg,51.6556224,5.2921497
node/2786292541,Gorinchem,station,Gr,51.8335723,4.9674612
node/2811490174,Echt,stop,2,51.1001413,5.8787414
node/2812863011,Haren,station,Hrn,53.174863,6.6180871
node/2815620698,Valkenburg,station,Vk,50.8692901,5.8328817
node/2854696578,Harderwijk,station,Hd,52.3377999,5.6199961
node/2872503354,Parkweg,stop,,51.9213156,4.3939247
node/2872650725,Eendrachtsplein,stop,,51.9163496,4.4737244
node/2872650732,Dijkzigt,stop,,51.9122493,4.4660974
node/2872650739,Coolhaven,stop,,51.9095462,4.4582471
node/2872650751,Delfshaven,stop,,51.9099984,4.4457184
node/2885738382,Helmond Brandevoort,stop,2,51.4624078,5.6086863
node/2891601965,Ermelo,station,Eml,52.3011045,5.6144134
node/2901800432,Helmond 't Hout,station,Hmh,51.4681099,5.6312015
node/2902677221,Eerbeek,station,Ebk,52.1027606,6.0662863
node/2902741249,Beekbergen,stop,,52.1598188,5.9870954
node/2902916310,Helmond,station,Hm,51.4755665,5.6616714
node/2930102252,Oss West,station,Ow,51.7584414,5.5069444
node/2983733524,Houten,station,Htn,52.0340078,5.1681345
node/2984341864,Utrecht Centraal,stop,7,52.0898821,5.1101619
node/2984341865,Utrecht Centraal,stop,8,52.0898631,5.110108
node/2984341866,Utrecht Centraal,stop,9,52.0897816,5.1098758
node/2984341867,Utrecht Centraal,stop,12,52.0896802,5.1095873
node/2984341868,Utrecht Centraal,stop,11,52.0897617,5.1098192
node/2984341869,Utrecht Centraal,stop,14,52.0896595,5.1095284
node/2984341870,Utrecht Centraal,stop,15,52.089614,5.1092552
node/2984341871,Utrecht Centraal,stop,18,52.0895954,5.1091981
node/2984341872,Utrecht Centraal,stop,19,52.0895085,5.1089728
node/2984341873,Utrecht Centraal,stop,20,52.0894935,5.1089137
node/2984341874,Utrecht Centraal,stop,21,52.089434,5.1087144
node/2984341875,Utrecht Centraal,stop,2,52.0905694,5.1101792
node/2984341876,Utrecht Centraal,stop,3,52.0905522,5.1101284
node/2984341877,Utrecht Centraal,stop,1,52.090625,5.1103323
node/2989906405,Zoutindustrie,station,Bkb,52.1917806,6.7853221
node/2989925910,Haaksbergen,station,Hbg,52.1584703,6.7381799
node/2989934275,Boekelo,station,Bko,52.2048225,6.8008997
node/2990471760,Culemborg,stop,2,51.9469806,5.2266012
node/2990471761,Culemborg,stop,1,51.9469966,5.226648
node/2998448459,Tiel Passewaaij,stop,1,51.8737094,5.3918218
node/3008458701,Hemmen-Dodewaard,stop,1,51.922389,5.6725409
node/3008458702,Hemmen-Dodewaard,stop,2,51.9222222,5.6744647
node/3010867525,Zetten-Andelst,stop,1,51.9197243,5.72218
node/3010867526,Zetten-Andelst,stop,2,51.9196893,5.7221724
node/3023045974,Elst,stop,2,51.9168958,5.8551096
node/3023045975,Elst,stop,1,51.9168936,5.8550533
node/3062726575,Deventer,stop,4,52.2572598,6.1615196
node/3068334491,Spijkenisse Centrum,stop,,51.8465547,4.3344414
node/3095680914,Zwolle,stop,10,52.5044872,6.0911602
node/3105151948,Utrecht Zuilen,station,Utzl,52.1032324,5.0893544
node/3109722063,Blaak,stop,,51.9197652,4.4888603
node/3146591906,,halt,,52.3257562,4.5983693
node/3149917960,Berkel Westpolder,station,,51.9900765,4.4543595
node/3149917961,Beurs,station,,51.9179985,4.4808632
node/3149917962,Blijdorp,station,,51.9306162,4.4581761
node/3149917963,De Akkers,station,,51.8333189,4.3198989
node/3149917964,Heemraadlaan,station,,51.8377526,4.3316246
node/3149917966,Leidschendam-Voorburg,station,,52.0775803,4.3820605
node/3149917967,Leuvehaven,station,,51.9140336,4.4819906
node/3149917968,Maashaven,station,,51.8971935,4.4947569
node/3149917969,Marconiplein,stop,,51.9132807,4.4328269
node/3149917970,Meijersplein / Airport,station,,51.9559206,4.4622246
node/3149917971,Melanchthonweg,station,,51.948473,4.4646343
node/3149917972,Nootdorp,station,,52.0475517,4.4147041
node/3149917973,Pijnacker Centrum,station,,52.0205662,4.4369745
node/3149917974,Pijnacker Zuid,station,,52.0050029,4.445805
node/3149917975,Poortugaal,station,,51.8617237,4.3957931
node/3149917976,Rhoon,station,,51.8591359,4.4194918
node/3149917977,Rijnhaven,station,,51.9035842,4.4967979
node/3149917978,Rodenrijs,station,,51.9754013,4.4608354
node/3149917979,Spijkenisse Centrum,station,,51.8465462,4.3344573
node/3149917980,Stadhuis,station,,51.9232371,4.4785118
node/3149917981,Troelstralaan,stop,,51.9156012,4.3845814
node/3149917982,Tussenwater,station,,51.8626297,4.3767716
node/3149917983,Voorburg 't Loo,station,,52.0823292,4.3653147
node/3149917984,Wilhelminaplein,station,,51.9078083,4.4923761
node/3149917985,Zalmplaat,station,,51.8549462,4.3625084
node/3149917986,Zuidplein,station,ZPL,51.8868946,4.4883271
node/3149917987,De Akkers,stop,,51.8333972,4.3198848
node/3149917988,Heemraadlaan,stop,,51.8377497,4.331617
node/3149917989,Zalmplaat,stop,,51.8550454,4.3625755
node/3149917991,Rhoon,stop,,51.8591504,4.4194841
node/3149917992,Poortugaal,stop,,51.8617402,4.3958008
node/3149917993,Tussenwater,stop,2,51.8626434,4.3768005
node/3149917994,Tussenwater,stop,20,51.8627951,4.3768209
node/3149917995,Slinge,stop,,51.8745817,4.4777958
node/3149917996,Slinge,stop,,51.8745989,4.4776105
node/3149917997,Zuidplein,stop,1,51.8868895,4.4883544
node/3149917998,Rijnhaven,stop,,51.90358,4.4968239
node/3150030738,Centraal Station,stop,B,52.0809442,4.3238378
node/3150030739,Centraal Station,stop,C,52.081258,4.3245713
node/3234513661,Nijmegen Goffert,station,Nmgo,51.8272972,5.8224752
node/3293165266,Nuth,station,Nh,50.9198085,5.89267
node/3293165280,Nuth,stop,1,50.9195818,5.89277
node/3316579461,Gilze-Rijen,stop,3,51.5838189,4.9254468
node/3376839743,Delft,station,Dt,52.0075518,4.3565807
node/3377497433,Geleen Oost,stop,1,50.9670794,5.8430857
node/3479331097,Den Haag Centraal,station,Gvc,52.0808443,4.3245487
node/3497550448,Den Haag Hollands Spoor,stop,5,52.0696677,4.3226996
node/3497550449,Den Haag Hollands Spoor,stop,4,52.0696955,4.3226635
node/3497550450,Den Haag HS,station,Gv,52.0701372,4.3222758
node/3497550451,Den Haag Hollands Spoor,stop,1,52.0699664,4.3223162
node/3501464156,Den Haag Moerwijk,station,Gvmw,52.054519,4.3085449
node/3504104382,Den Haag Laan van NOI,station,Laa,52.0789705,4.3432643
node/3504759026,Den Haag Laan van NOI,stop,6,52.078612,4.3427551
node/3504784522,Den Haag Laan van NOI,stop,5,52.0786418,4.3427206
node/3504784523,Den Haag Laan van NOI,stop,4,52.078741,4.3426042
node/3504784524,Den Haag Laan van NOI,stop,3,52.078775,4.3425697
node/3505712905,Den Haag Mariahoeve,station,Gvm,52.0909985,4.3700691
node/3505719785,Den Haag Mariahoeve,stop,4,52.090539,4.3693105
node/3505719786,Den Haag Mariahoeve,stop,3,52.0905707,4.3692754
node/3505719787,Den Haag Mariahoeve,stop,2,52.0906524,4.3691769
node/3505719788,Den Haag Mariahoeve,stop,1,52.0906809,4.369142
node/3507247429,Voorburg,station,Vb,52.0665882,4.3595644
node/3507247430,Voorburg,stop,2,52.0666421,4.3592423
node/3508543971,Den Haag Ypenburg,station,Ypb,52.0558168,4.390848
node/3517452397,Voorweg Laag,stop,1,52.0627549,4.4705639
node/3517452398,Voorweg Laag,station,,52.0627697,4.4705733
node/3517452399,Voorweg Laag,stop,2,52.0627845,4.4705777
node/3517471133,Voorweg Hoog,station,,52.0629362,4.4711784
node/3517471134,Voorweg Hoog,stop,,52.0629394,4.4711503
node/3518163015,Centrum-West,station,,52.0606493,4.4834971
node/3518163016,Centrum-West,stop,1,52.0606664,4.4835034
node/3518195458,Stadhuis,stop,2,52.0610869,4.4931716
node/3519612823,Dorp,stop,2,52.0544133,4.4921609
node/3519612824,Dorp,station,,52.0544224,4.4921412
node/3519612825,Dorp,stop,1,52.0544359,4.4921129
node/3519649713,Delftsewallen,station,,52.0508275,4.4870404
node/3519649714,Delftsewallen,stop,1,52.0508367,4.4870187
node/3519767940,Driemanspolder,stop,2,52.0484341,4.4772954
node/3519955803,Meerzicht,stop,1,52.0554247,4.4699489
node/3519955804,Meerzicht,station,,52.0554285,4.4699165
node/3520047183,Buytenwegh,stop,2,52.0667426,4.4786862
node/3520047184,Buytenwegh,stop,1,52.0667804,4.4786589
node/3520189614,De Leyens,station,,52.0719449,4.4949009
node/3520189615,De Leyens,stop,1,52.0719618,4.4949108
node/3520398377,Leidsewallen,station,,52.0690131,4.5095883
node/3520398378,Leidsewallen,stop,1,52.0690238,4.5095902
node/3520700033,Seghwaert,stop,2,52.0630388,4.5153443
node/3520700034,Seghwaert,station,,52.0630519,4.515322
node/3520739915,Palenstein,stop,2,52.0596654,4.5064197
node/3520739916,Palenstein,station,,52.0596852,4.5064191
node/3526286965,Willem Dreeslaan,stop,2,52.0652612,4.5345746
node/3526392071,Oosterheem,stop,2,52.0603279,4.5426243
node/3526392072,Oosterheem,station,,52.0603312,4.5426551
node/3526444979,Javalaan,station,,52.0537378,4.5378303
node/3526444980,Javalaan,stop,2,52.0537533,4.5378105
node/3550867678,West Repart/Dolfijn (RTM),halt,,51.7415828,3.8258957
node/3550867680,Port Zélande (RTM),halt,,51.7579029,3.8544192
node/3550867681,Remise (RTM),halt,,51.7840778,3.8734041
node/3550867682,Bezoekerscentrum (RTM),halt,,51.7825181,3.8825822
node/3558201091,Heemstede-Aerdenhout,stop,1,52.3595002,4.6068169
node/3558201092,Rotterdam Centraal,stop,6,51.9248459,4.4690205
node/3558210193,Rotterdam Centraal,stop,9,51.925149,4.4688589
node/3558210194,Schiedam Centrum,stop,5,51.922007,4.409504
node/3559189847,Almere Centrum,stop,2,52.3750479,5.2177184
node/3559189848,Kruiningen-Yerseke,stop,1,51.4649912,4.0376319
node/3559189849,Middelburg,stop,1,51.4951586,3.6182829
node/3578131267,Sittard,stop,2b,51.0023508,5.8592331
node/3578219045,Emmen,stop,2,52.7906353,6.8997655
node/3578219046,Mariënberg,stop,2,52.5092013,6.5748762
node/3578219047,Mariënberg,stop,1,52.5092326,6.5748323
node/3578450305,Gouda Goverwelle,stop,3,52.0150312,4.742102
node/3578450307,Rotterdam Noord,stop,1,51.9422401,4.4815868
node/3583145700,Almere Centrum,stop,4,52.3748775,5.2177824
node/3584243654,Nijmegen Dukenburg,stop,1,51.8239665,5.7942243
node/3584243655,Oss West,stop,1,51.758455,5.506932
node/3584243656,Ravenstein,stop,2,51.7946535,5.6371607
node/3584243657,Ravenstein,stop,1,51.7946852,5.6371212
node/3584243658,Rosmalen,stop,2,51.7149968,5.3691181
node/3584243659,Rosmalen,stop,1,51.7150269,5.3690962
node/3584243660,Wijchen,stop,3,51.8115729,5.7310626
node/3586492749,Heemskerk,stop,1,52.4946453,4.6860969
node/3586492750,Santpoort Zuid,stop,2,52.4193589,4.6315417
node/3588224040,Rotterdam Centraal,stop,7,51.9249783,4.4689489
node/3588263617,Rotterdam Centraal,stop,3,51.9246385,4.4691328
node/3588263618,Rotterdam Centraal,stop,4,51.9247709,4.4690611
node/3588263619,Rotterdam Centraal,stop,12,51.9253564,4.4687476
node/3590391426,Boxtel,stop,7,51.5842378,5.318902
node/3590391427,Boxtel,stop,6,51.5843588,5.3189984
node/3590391428,Eindhoven Strijp-S,stop,4,51.4503095,5.4569206
node/3590391429,Eindhoven Strijp-S,stop,2,51.4503907,5.4570815
node/3590391430,Oisterwijk,stop,2,51.5823209,5.1945875
node/3591575056,Overveen,stop,2,52.3910328,4.6067926
node/3591583930,Soest,station,St,52.1731316,5.3101531
node/3591645093,'t Harde,stop,2,52.4091326,5.8930385
node/3591645094,Harderwijk,stop,2,52.3376685,5.6201603
node/3591645095,Nijkerk,stop,1,52.2220375,5.4935024
node/3591645096,Nunspeet,stop,2,52.3709073,5.7844617
node/3591645097,Putten,stop,2,52.2655105,5.5758551
node/3591736712,Amersfoort Vathorst,stop,2,52.1924886,5.4336393
node/3592964859,Voorhout,stop,1,52.2253605,4.4840807
node/3592993009,Heeze,stop,1,51.3852486,5.5695055
node/3592993011,Maarheeze,stop,1,51.3041635,5.6304612
node/3593074294,Bunde,stop,1,50.8969991,5.7365545
node/3593074295,Geleen-Lutterade,stop,1,50.9752634,5.8245965
node/3594157622,Almelo de Riet,stop,2,52.3417302,6.667291
node/3594157623,Deventer Colmschate,stop,1,52.250369,6.215633
node/3594157624,Holten,stop,2,52.2840976,6.4211609
node/3594173699,Bunnik,stop,2,52.0631932,5.1957987
node/3594173700,Maarn,stop,2,52.0640794,5.3706388
node/3594173701,Maarssen,stop,3,52.1358902,5.0329629
node/3594187619,Wolfheze,stop,1,52.0051534,5.7947014
node/3594187620,Wolfheze,stop,3,52.0056539,5.7927343
node/3594198482,Rheden,stop,1,52.0098944,6.0302751
node/3594213354,Wierden,stop,3,52.3615746,6.5921496
node/3594411224,Gramsbergen,stop,1,52.6098745,6.6763081
node/3594558700,Assen,stop,3,52.9922332,6.5713667
node/3594558701,Assen,stop,1b,52.9922644,6.5710829
node/3594558702,Beilen,stop,2,52.8550601,6.521364
node/3594571336,Alphen aan den Rijn,stop,3,52.1247289,4.6570955
node/3594596179,Boxtel,stop,3,51.5844947,5.3191095
node/3594596180,Boxtel,stop,2,51.5846139,5.3192062
node/3594596182,Eindhoven Strijp-S,stop,3,51.4503338,5.456969
node/3594596183,Eindhoven Strijp-S,stop,1,51.450413,5.457127
node/3594596184,Vught,stop,2,51.6556026,5.2919354
node/3595038701,Gouda Goverwelle,stop,2,52.0149961,4.7420957
node/3595038979,Gouda Goverwelle,stop,4,52.0151428,4.7421218
node/3595038980,Zoetermeer,stop,4,52.0475991,4.4770612
node/3598701583,Venray,station,Vry,51.526454,6.0142546
node/3598997060,Kesteren,stop,4,51.9314017,5.5834317
node/3598997061,Opheusden,stop,2,51.9259515,5.6380053
node/3599023294,Vorden,stop,2,52.1073141,6.3176475
node/3599075952,Didam,stop,2,51.9332494,6.1323346
node/3599126534,Goor,stop,1,52.2303383,6.5826353
node/3599126535,Hengelo Oost,stop,1,52.2688006,6.8191636
node/3599126536,Oldenzaal,stop,1a,52.3062999,6.9338048
node/3605792579,Barneveld Zuid,stop,1,52.1280295,5.6033822
node/3605792580,Lunteren,stop,2,52.0851248,5.6243258
node/3605814205,Landgraaf,stop,1,50.8966968,6.0202165
node/3606689493,Zuidhorn,stop,1,53.2480697,6.4068901
node/3606809720,Usquert,stop,2,53.4009962,6.6094422
node/3606833462,Bedum,stop,2,53.3069442,6.592649
node/3672421920,Barneveld Zuid,station,Bnz,52.1280783,5.6030939
node/3676658291,Middelplaat Haven (RTM),stop,,51.7548254,3.8345755
node/3676658292,Middelplaat Haven (RTM),stop,,51.7548703,3.83453
node/3734213287,Landgraaf,stop,3,50.8964431,6.0202476
node/3752165187,Hardenberg,station,Hdb,52.5723383,6.627603
node/3752165189,Mariënberg,station,Mrb,52.509025,6.5742267
node/3783233913,Enschede,stop,1,52.2222053,6.8895504
node/3783233919,Enschede,stop,2,52.2223199,6.8895219
node/3783233922,Enschede,stop,3,52.2223603,6.8895119
node/3783233928,Enschede,stop,4,52.2224789,6.8895238
node/3783233931,Enschede,stop,4b,52.2225438,6.8901499
node/3784308114,Enschede Kennispark,stop,1,52.2374321,6.8388106
node/3784308115,Enschede Kennispark,stop,2,52.2374052,6.8387713
node/3786207359,Hengelo,stop,2b,52.2616724,6.7962114
node/3786207378,Hengelo,stop,11,52.2615687,6.7963272
node/3786207384,Hengelo,stop,3b,52.2614701,6.7961413
node/3786207428,Hengelo,stop,2,52.2618867,6.7945578
node/3786207440,Hengelo,stop,3a,52.2619221,6.7926575
node/3786207496,Hengelo,stop,2a,52.2620706,6.7927088
node/3789126271,Almelo,stop,4,52.3579836,6.6541375
node/3789126335,Almelo,stop,2a,52.3587746,6.6525966
node/3807229041,Zutphen,stop,1b,52.1449232,6.1948673
node/3807229045,Zutphen,stop,2b,52.1449485,6.1948018
node/3827257157,Barendrecht,station,Brd,51.8552885,4.5526538
node/3895034423,Almelo,stop,3,52.3579804,6.6539628
node/3912942102,Melanchthonweg,stop,,51.9482363,4.4646984
node/3912942103,Melanchthonweg,stop,,51.9486955,4.4644824
node/3921899502,,stop,,51.9575347,5.588065
node/4018000913,Eygelshoven Markt,station,Eghm,50.896103,6.0577972
node/4031094084,Roodeschool,stop,1,53.4212147,6.7585167
node/4034243636,Heerlen Woonboulevard,station,Hrlw,50.8961435,5.9527975
node/4040262725,Schiedam Centrum,stop,20,51.9214531,4.4093936
node/4041466061,Tilburg,station,Tb,51.5606465,5.0837958
node/4041503843,Eindhoven Strijp-S,station,Ehs,51.4503696,5.4570165
node/4041505713,Boxtel,station,Btl,51.5844429,5.3190301
node/4041574195,Zaltbommel,station,Zbm,51.8078029,5.2633823
node/4041579851,Geldermalsen,station,Gdm,51.8825577,5.2714789
node/4041584745,Culemborg,station,Cl,51.9470421,5.2267808
node/4046250942,Delfzijl,stop,1,53.3337497,6.9234857
node/4048801938,'s-Gravenweg,station,,51.919502,4.5476727
node/4048801939,Ambachtsland,station,,51.9657663,4.5702668
node/4048801940,Binnenhof,station,,51.9603316,4.5356539
node/4048801941,Capelle Centrum,station,,51.9313801,4.5895585
node/4048801942,Capelsebrug,station,,51.9214526,4.5579589
node/4048801943,Coolhaven,station,,51.9094712,4.4582888
node/4048801944,De Terp,station,,51.9359471,4.6003816
node/4048801945,De Tochten,station,,51.9688713,4.5784685
node/4048801946,Delfshaven,station,,51.9099946,4.4457004
node/4048801947,Dijkzigt,station,,51.9122378,4.4661162
node/4048801948,Eendrachtsplein,station,,51.916333,4.4737376
node/4048801949,Gerdesiaweg,station,,51.925903,4.505848
node/4048801950,Graskruid,station,,51.957222,4.5494492
node/4048801951,Hesseplaats,station,,51.9632093,4.5531639
node/4048801952,Hoogvliet,stop,1,51.8606106,4.36681
node/4048801953,Hoogvliet,stop,2,51.8606237,4.3667549
node/4048801954,Kralingse Zoom,station,,51.9214103,4.5338512
node/4048801956,Nesselande,station,,51.979685,4.5865432
node/4048801957,Nieuw Verlaat,station,,51.964821,4.5614524
node/4048801958,Oosterflank,station,,51.9452288,4.5546319
node/4048801959,Oostplein,station,,51.9233607,4.4969859
node/4048801960,Parkweg,station,,51.9212698,4.393958
node/4048801961,Pernis,station,,51.8849426,4.3817895
node/4048801962,Prinsenlaan,station,,51.9407693,4.5565395
node/4048801963,Romeynshof,station,,51.9615094,4.5428712
node/4048801964,Rotterdam Alexander,station,Rta,51.9517162,4.5524827
node/4048801966,Rotterdam Blaak,station,Rtb,51.9200723,4.4890736
node/4048801967,Rotterdam Centraal,station,Rtd,51.9250574,4.4692289
node/4048801968,Schenkel,station,,51.9319373,4.5634734
node/4048801969,Schiedam Centrum,station,Sdm,51.9220349,4.4087428
node/4048801970,Slinge,station,SLG,51.8745879,4.4777323
node/4048801971,Slotlaan,station,,51.9284776,4.578324
node/4048801972,Troelstralaan,station,,51.9155498,4.3846339
node/4048801973,Vijfsluizen,station,VSZ,51.9091538,4.3719899
node/4048801974,Voorschoterlaan,station,,51.9250006,4.5130582
node/4058108531,Appingedam,stop,1,53.3258324,6.8623181
node/4061881142,Hoogeveen,station,Hgv,52.7335031,6.4729673
node/4085675596,'s-Hertogenbosch,station,Ht,51.6905164,5.2937086
node/4085675597,'s-Hertogenbosch,stop,6a,51.690967,5.2935878
node/4085675599,Castricum,station,Cas,52.5453379,4.6591148
node/4085675600,Heiloo,station,Hlo,52.6000225,4.7011338
node/4085675602,Roermond,station,Rm,51.1925659,5.9938511
node/4085675603,Sittard,station,Std,51.0020038,5.8588913
node/4111385385,Nijmegen,stop,4a,51.8447505,5.8529392
node/4120911624,Dieren,stop,,52.0446801,6.1025749
node/4120912296,Eerbeek,stop,,52.1027347,6.0661423
node/4144571678,Breukelen,station,Bkl,52.1708294,4.9906222
node/4154223955,Helmond Brandevoort,station,Hmbv,51.4624634,5.6088392
node/4154223956,Nijmegen Dukenburg,station,Nmd,51.8239417,5.7942393
node/4154223957,Nijmegen Lent,station,Nml,51.862468,5.8596868
node/4154223958,Olst,station,Ost,52.3354376,6.1134201
node/4158333448,Wijchen,stop,2,51.8116058,5.7310437
node/4159816392,Zuidhorn,station,Zh,53.2481468,6.4067456
node/4189696677,Brummen,stop,1,52.0907824,6.146987
node/4191751388,Winterswijk,stop,1b,51.967587,6.7155146
node/4197730698,Westervoort,stop,2,51.9628743,5.9693956
node/4197730699,Westervoort,stop,1,51.9629003,5.9694361
node/4203968191,Woerden,station,Wd,52.0850884,4.8924874
node/4203968192,Zoetermeer Oost,station,Ztmo,52.0463461,4.4934339
node/4203968193,Zoetermeer,station,Ztm,52.0475562,4.476916
node/4205279190,Vorden,station,Vd,52.1073107,6.3171531
node/4213072668,Veenendaal-De Klomp,station,Klp,52.0459528,5.5739271
node/4223724060,Amersfoort Centraal,stop,4a,52.1536017,5.3721858
node/4223724379,Amersfoort Centraal,stop,5,52.1538128,5.3721686
node/4223724518,Amersfoort Centraal,stop,6,52.1538531,5.3721664
node/4244801136,Almere Buiten,stop,1,52.3941809,5.2778927
node/4244801137,Almere Buiten,stop,2,52.3942063,5.278022
node/4256943029,Dronten,stop,4,52.534301,5.721097
node/4256943031,Dronten,stop,1,52.5344746,5.7211537
node/4265180132,Almere Oostvaarders,stop,4,52.403049,5.3004997
node/4265180133,Almere Oostvaarders,stop,3,52.4031675,5.3003838
node/4265180134,Almere Oostvaarders,stop,2,52.403207,5.3003451
node/4265180136,Almere Oostvaarders,stop,1,52.4033239,5.3002307
node/4290859590,Maarssen,stop,2,52.1359861,5.0330965
node/4306476245,Almere Parkwijk,stop,1,52.3767515,5.2446998
node/4306476251,Almere Parkwijk,stop,2,52.3767176,5.2447105
node/4307411510,Wolfheze,stop,2,52.0055645,5.792689
node/4307413187,Ede-Wageningen,stop,1,52.0275715,5.6740334
node/4309177978,Veenendaal West,stop,2,52.0280823,5.5315515
node/4309177980,Veenendaal West,stop,1,52.0281201,5.5315896
node/4309432493,Veenendaal Centrum,station,Vndc,52.0200045,5.549098
node/4311913331,Arnhem Zuid,stop,1,51.9547557,5.851892
node/4311913332,Arnhem Zuid,stop,2,51.9547591,5.8519555
node/4311913642,Arnhem Centraal,stop,3,51.9846279,5.9003118
node/4311913696,Arnhem Centraal,stop,4b,51.9847663,5.9003414
node/4311913736,Arnhem Centraal,stop,6b,51.984847,5.9003538
node/4311913805,Arnhem Centraal,stop,7,51.9849884,5.9003643
node/4311913820,Arnhem Centraal,stop,8,51.9850271,5.9003843
node/4311913842,Arnhem Velperpoort,stop,1,51.9850914,5.9201437
node/4311913859,Arnhem Centraal,stop,9,51.9851736,5.9004266
node/4311913868,Arnhem Centraal,stop,10,51.9852155,5.9004223
node/4311913904,Arnhem Centraal,stop,11,51.9853805,5.9004422
node/4331043170,Nieuw Amsterdam,station,Na,52.7183661,6.8488011
node/4335758208,Geldermalsen,stop,1,51.8827021,5.2717284
node/4343430415,Kesteren,station,Ktr,51.9315803,5.583255
node/4346546237,Arkel,station,Akl,51.8721203,4.9927723
node/4347209276,Hardinxveld-Giessendam,station,Gnd,51.8303521,4.8355964
node/4359441554,Utrecht Vaartsche Rijn,stop,3,52.0786003,5.1217693
node/4487545500,Gouda,station,Gd,52.0174245,4.7061636
node/4487550666,Weert,station,Wt,51.2486962,5.7041339
node/4487554970,Zwolle,station,Zl,52.5050086,6.0912373
node/4487559980,Enschede,station,Es,52.2223649,6.8897811
node/4496126225,Lansingerland-Zoetermeer,stop,2,52.0408914,4.5191284
node/4519026692,Hoofddorp,station,Hfd,52.2928668,4.6988698
node/4530820007,Deventer,station,Dv,52.2572928,6.1611049
node/4530820009,Apeldoorn,station,Apd,52.2092784,5.9689735
node/4530820010,Almelo,station,Aml,52.3577052,6.6544143
node/4540128650,Hoek van Holland Strand,stop,,51.9869455,4.1057812
node/4549936994,Schiedam Nieuwland,stop,,51.9228734,4.3837153
node/4549937477,Schiedam Nieuwland,stop,,51.9226748,4.3831887
node/4549937996,Vlaardingen West,stop,4,51.9038216,4.3150875
node/4549938716,Steendijkpolder,stop,2,51.9326957,4.2246083
node/4549938906,Steendijkpolder,stop,1,51.9327768,4.2247852
node/4549938926,Maassluis West,stop,1,51.9261977,4.2352418
node/4555304588,Eijsden,stop,2,50.7719674,5.7099737
node/4555413742,Deurne,stop,2,51.4560704,5.7880886
node/4555433902,Venlo,station,Vl,51.3650504,6.171433
node/4555433903,Blerick,stop,1,51.3723302,6.1551662
node/4555433904,Blerick,stop,2,51.3723577,6.155211
node/4555433905,Blerick,station,Br,51.3724162,6.155296
node/4555433906,Horst-Sevenum,stop,2,51.4269307,6.0413095
node/4555433907,Horst-Sevenum,station,Hrt,51.4270926,6.0413246
node/4555433908,Deurne,station,Dn,51.4562278,5.7878984
node/4555433909,Helmond,stop,2,51.475411,5.6617236
node/4555468696,Almere Centrum,station,Alm,52.3752735,5.2193265
node/4557779440,Nijmegen,stop,3a,51.8447195,5.8532221
node/4570324738,Winschoten,station,Ws,53.139151,7.0356099
node/4572115691,Leiden Centraal,stop,8b,52.1661465,4.4816439
node/4572115692,Leiden Centraal,stop,4b,52.1659728,4.482017
node/4572116598,Voorschoten,stop,1,52.1262902,4.4334946
node/4572116827,Leiden Centraal,stop,4a,52.1676333,4.4842142
node/4572116964,Leiden Centraal,stop,8a,52.1678419,4.4838786
node/4572949454,Rotterdam Centraal,stop,11,51.9252244,4.4688184
node/4587154271,Sittard,stop,2a,51.0012053,5.858552
node/4587175013,Sittard,stop,1b,51.0023365,5.8592889
node/4587175014,Sittard,stop,1a,51.0011923,5.8586104
node/4623339106,Essen,station,FES,51.4626799,4.45117
node/4623344475,Wildert,station,GWD,51.4276753,4.4634184
node/4625937939,Wildert,stop,,51.4276709,4.4633915
node/4625937940,Wildert,stop,,51.4276787,4.4634433
node/4633324403,Nieuw Vennep,stop,2,52.2587132,4.6451912
node/4633324404,Nieuw Vennep,stop,1,52.2587368,4.6451478
node/4633329690,Hoofddorp,stop,1,52.2929862,4.6985898
node/4633329691,Hoofddorp,stop,2,52.2928664,4.6987152
node/4633329692,Hoofddorp,stop,4,52.2926795,4.6989108
node/4633329693,Hoofddorp,stop,3,52.2927896,4.6987956
node/4642476217,Hillegom,stop,2,52.3031231,4.5659336
node/4642476463,Hillegom,stop,1,52.3031143,4.5661945
node/4743200077,Gouda,stop,11,52.0177031,4.7061247
node/4743200078,Gouda,stop,10,52.0178358,4.7033405
node/4743203774,Gouda,stop,5,52.0173826,4.7060592
node/4743205152,Boskoop Snijdelwijk,stop,1,52.0674005,4.6463211
node/4743205559,Alphen aan den Rijn,stop,1,52.1247916,4.6572814
node/4747648540,Groningen Noord,station,Gnn,53.2301283,6.5565819
node/4770263589,Woerden,stop,5,52.0848334,4.8930344
node/4782165836,Zevenaar,stop,1,51.9231741,6.0721736
node/4818237830,Elst,stop,3,51.9168869,5.8548741
node/4855478393,Utrecht Zuilen,stop,3,52.1031909,5.0892854
node/4855478394,Utrecht Zuilen,stop,2,52.1032745,5.0894054
node/4855479570,Utrecht Terwijde,stop,1,52.1001325,5.0436189
node/4864373374,Utrecht Leidsche Rijn,station,Utlr,52.0989682,5.0652431
node/4883730297,Utrecht Centraal,stop,,52.0903949,5.110057
node/4885826356,Baarn,stop,4,52.2079657,5.2816971
node/4885826745,Baarn,stop,3,52.2080009,5.2817306
node/4885827206,Baarn,stop,2,52.2081312,5.2817372
node/4885827505,Soest,stop,1,52.1733294,5.3101529
node/4885827525,Soest,stop,2,52.1732857,5.3100414
node/4894042409,Enschede De Eschmarke,stop,1,52.2212139,6.9513833
node/4894042410,Glanerbrug,stop,,52.21863,6.9744811
node/4913702329,Utrecht Vaartsche Rijn,stop,1,52.0788121,5.1219372
node/4913702348,Utrecht Vaartsche Rijn,stop,2,52.0787129,5.1218639
node/4935253694,Zandvoort aan Zee,stop,2,52.3757772,4.5315618
node/4935253704,Zandvoort aan Zee,stop,1,52.3756476,4.5314668
node/4938155853,Breukelen,stop,3,52.1713094,4.9905167
node/4938156027,Breukelen,stop,2,52.1713033,4.9907413
node/4951649845,Essen,stop,,51.4626566,4.4509946
node/4954340993,Assen,stop,2b,52.9922597,6.5711482
node/5037367917,Haarlem,stop,8,52.3883396,4.6380291
node/5037367918,Haarlem,stop,6,52.3882527,4.6380025
node/5037367919,Haarlem,stop,3,52.3879836,4.6379203
node/5037367920,Haarlem,stop,1,52.3879011,4.637895
node/5092443124,Beverwijk,stop,2,52.4786417,4.6564972
node/5092443142,Beverwijk,stop,3,52.4785479,4.6565896
node/5113672373,Castricum,stop,2,52.5452114,4.6591055
node/5113672500,Castricum,stop,1,52.5452494,4.6593135
node/5193927668,Rotterdam Centraal,station,Rtd,51.9239677,4.4697987
node/5223970003,Tilburg Universiteit,stop,3,51.5653143,5.0486762
node/5238035697,Den Haag Centraal,stop,10,52.0810564,4.3247604
node/5238035698,Den Haag Centraal,stop,9,52.0810343,4.3247163
node/5238035699,Den Haag Centraal,stop,8,52.0809694,4.324569
node/5238035700,Den Haag Centraal,stop,7,52.0809471,4.3245213
node/5238035701,Den Haag Centraal,stop,6,52.0808788,4.3243782
node/5238035702,Den Haag Centraal,stop,5,52.0808573,4.3243307
node/5238035703,Den Haag Centraal,stop,4,52.0807893,4.3241867
node/5238035704,Den Haag Centraal,stop,3,52.0807692,4.3241402
node/5238035705,Den Haag Centraal,stop,2,52.0803196,4.3244843
node/5238035706,Den Haag Centraal,stop,1,52.0802951,4.3244411
node/5238035713,Den Haag Centraal,stop,,52.0807506,4.3255971
node/5238035714,Den Haag Centraal,stop,,52.080722,4.3255167
node/5238671761,'s-Hertogenbosch Oost,stop,1,51.7005709,5.3191148
node/5238671967,Oss,stop,2,51.7656056,5.5326434
node/5238672220,'s-Hertogenbosch,stop,4a,51.6909485,5.2937356
node/5238672284,'s-Hertogenbosch,stop,3a,51.6909141,5.2940111
node/5252617525,Groningen Europapark,station,Gerp,53.2047056,6.585821
node/5252716645,Haarlem,station,Hlm,52.3880778,4.6385788
node/5260996738,Best,station,Bet,51.5098165,5.3892206
node/5260996778,Best,stop,1,51.509871,5.3893517
node/5260996779,Best,stop,2,51.509852,5.3892985
node/5260996780,Best,stop,3,51.5097922,5.3891304
node/5260996781,Best,stop,4,51.5097733,5.3890772
node/5262709801,Eindhoven Stadion,stop,Ehst,51.4430049,5.4673992
node/5262709929,Eindhoven Centraal,stop,1,51.4428145,5.4804058
node/5262709930,Eindhoven Centraal,stop,2,51.4429804,5.4803474
node/5262709931,Eindhoven Centraal,stop,3,51.4430205,5.4803333
node/5262709932,Eindhoven Centraal,stop,4,51.4431578,5.4802849
node/5262709933,Eindhoven Centraal,stop,5,51.4431972,5.480271
node/5262709934,Eindhoven Centraal,stop,6,51.4433669,5.4802112
node/5267735554,Den Haag Centraal,station,,52.0807633,4.3255311
node/5274236726,Venray,stop,3,51.5265795,6.0145519
node/5286453584,Weert,stop,3b,51.2485766,5.7049854
node/5286453703,Weert,stop,3a,51.2487427,5.7012032
node/5295787400,Venlo,stop,4a,51.3633567,6.1728513
node/5295787468,Venlo,stop,4b,51.3644277,6.1714784
node/5295788375,Venlo,stop,6,51.3655717,6.1705645
node/5295788539,Blerick,stop,4,51.3725135,6.1554376
node/5307364503,Sittard,stop,3b,51.0024086,5.8590018
node/5311118144,Maastricht,stop,6,50.8497947,5.7060743
node/5311118145,Maastricht,station,Mt,50.8501783,5.7052501
node/5312627353,Nuth,stop,2,50.91964,5.8929152
node/5315193381,Valkenburg,stop,3,50.8693709,5.8330237
node/5315193382,Valkenburg,stop,2,50.8692999,5.8329137
node/5315193383,Valkenburg,stop,1,50.8692728,5.8328721
node/5316997823,Kerkrade Centrum,station,Krd,50.8613851,6.0572213
node/5316997824,Kerkrade Centrum,stop,1,50.8608542,6.0571097
node/5316997912,Landgraaf,station,Lg,50.896491,6.0196861
node/5316997913,Landgraaf,stop,2,50.8966432,6.0202225
node/5318782323,Schin op Geul,stop,Sog,50.8560087,5.8714103
node/5318782381,Wijlre,stop,Wij,50.832941,5.8982429
node/5318782394,Wijlre,stop,Wij,50.8329101,5.8981544
node/5318782432,Simpelveld,stop,Spv,50.831568,5.9784607
node/5318782553,Kerkrade ZLSM,stop,Krd,50.8592953,6.0568203
node/5318782629,Bocholtz,stop,Bch,50.816919,6.0057704
node/5318782790,Simpelveld,stop,Spv,50.8315288,5.9784687
node/5320076565,Delft,stop,3,52.00726,4.3566678
node/5320427711,Vlaardingen Oost,station,VDO,51.9101567,4.361647
node/5320428567,Vlaardingen Centrum,station,VDC,51.9031357,4.3438134
node/5320431173,Maassluis Centrum,station,MSC,51.9164305,4.2537315
node/5320433276,Schiedam Nieuwland,station,SDN,51.9227659,4.383435
node/5320436262,Maassluis West,station,MSW,51.9260714,4.235402
node/5353865266,Oldenzaal,stop,2,52.3062446,6.9338109
node/5410560059,Lansingerland-Zoetermeer,station,Llzm,52.0410702,4.5185034
node/5410560060,Lansingerland-Zoetermeer,stop,,52.0413152,4.519034
node/5410560061,Lansingerland-Zoetermeer,stop,,52.0413759,4.5188986
node/5410733860,Waddinxveen Triangel,stop,1,52.0272605,4.6490996
node/5484688267,Zwolle Stadshagen,stop,1,52.5277703,6.0512522
node/5553032172,Rotterdam Centraal,stop,2,51.9246006,4.4691533
node/5610532031,Hengelo Oost,stop,2,52.2692813,6.8205264
node/5610535909,Duiven,stop,1,51.9435286,6.014298
node/5661145776,Kampen Zuid,station,Kpnz,52.5329839,5.9132744
node/5669443996,Doetinchem De Huet,station,1,51.9591802,6.2600315
node/5687009081,Eygelshoven,station,Egh,50.8901122,6.0456023
node/5687009082,Chevremont,station,Cvm,50.8762291,6.0595563
node/5737190767,Monorail,stop,,52.3889735,6.435976
node/5772474097,Forepark,stop,M3,52.0694285,4.3935202
node/5772474098,Forepark,stop,M3,52.0699975,4.392936
node/5772474099,Forepark,stop,RR,52.0702493,4.3923424
node/5803134461,Zwolle,stop,8,52.5052351,6.0897807
node/5977673549,Zwolle Stadshagen,station,Zlsh,52.5278636,6.0512888
node/6028127347,Van Tuyllpark,station,,52.0470643,4.5289842
node/6028127348,Van Tuyllpark,stop,,52.0471159,4.5291581
node/6028127349,Van Tuyllpark,stop,,52.0469446,4.5286692
node/6030462808,Roermond,stop,3b,51.1935944,5.9947813
node/6030462911,Roermond,stop,3a,51.1929334,5.9944869
node/6030863122,Immenbergweg,stop,,52.1482297,6.0039097
node/6043938061,Maastricht,stop,4a,50.8494462,5.7059816
node/6043939450,Maastricht,stop,4b,50.850054,5.7056887
node/6043939451,Maastricht,stop,5a,50.849457,5.7060432
node/6043939653,Maastricht,stop,5b,50.8500667,5.7057509
node/6067375418,Venlo,stop,1a,51.364249,6.172153
node/6067375804,Venlo,stop,1b,51.3653714,6.1706373
node/6067378668,Venlo,stop,3,51.3647015,6.1714059
node/6127067338,Lansingerland-Zoetermeer,stop,1,52.0409249,4.5191489
node/6202003504,Vlaardingen West,stop,1,51.903851,4.3151022
node/6202003506,Vlaardingen West,stop,2,51.9037243,4.3150312
node/6202080902,Steendijkpolder,stop,3,51.9327519,4.224737
node/6202080926,Steendijkpolder,station,Sdp,51.9325971,4.2248525
node/6206227858,Maassluis West,stop,2,51.9261681,4.2352056
node/6206333075,Hoek van Holland Haven,station,HHH,51.976668,4.1275061
node/6227573535,Zutphen,stop,2a,52.1445581,6.1934916
node/6227573536,Zutphen,stop,1a,52.1445201,6.1935187
node/6269422377,Groningen,stop,3,53.2103872,6.5641556
node/6340265078,Hoek van Holland Haven,stop,,51.9764225,4.1275874
node/6340265083,Hoek van Holland Haven,stop,,51.9770415,4.1273157
node/6483744131,,halt,,52.1505681,5.346539
node/6501644177,Alexander,station,ALD,51.9514281,4.5519103
node/6943869507,Delft Campus,stop,1,51.9911373,4.3648678
node/6943869508,Delft Campus,stop,4,51.9910639,4.3645047
node/6943877176,Delft Campus,station,Dtcp,51.9911036,4.3646868
node/7045108268,Naarden-Bussum,station,Ndb,52.280646,5.1571557
node/7045125861,Soestdijk,station,Sd,52.1838566,5.2999111
node/7046777542,Martenshoek,station,Mth,53.1608102,6.7405089
node/7046777543,Kropswolde,station,Kw,53.1615882,6.7229343
node/7046796326,Wierden,station,Wdn,52.36154,6.5921524
node/7046802197,Vroomshoop,station,Vhp,52.457312,6.5696271
node/7046834617,Rijssen,station,Rsn,52.3117493,6.5192167
node/7047016903,Beek-Elsloo,station,Bk,50.9473903,5.7864878
node/7047043027,Maastricht Randwyck,station,Mtr,50.8376341,5.7176213
node/7047065519,Hoensbroek,station,Hb,50.9055737,5.9302573
node/7072277768,Eijsden,station,Edn,50.7720454,5.7100788
node/7236606017,Driebergen-Zeist,stop,1,52.0653177,5.2601996
node/7264269286,Driebergen-Zeist,stop,2,52.0651824,5.2602036
node/7264686568,Driebergen-Zeist,station,Db,52.0652455,5.2602392
node/7279230075,Hoevelaken,station,Hvl,52.1664319,5.4579565
node/7392110321,Stadhuis,station,,52.061088,4.4931162
node/7414160465,Bedum,station,Bdm,53.3069316,6.5927288
node/7414168868,Warffum,station,Wfm,53.3901502,6.5668637
node/7414169084,Winsum,station,Wsm,53.330093,6.5203056
node/7414170256,Usquert,station,Ust,53.4009642,6.6095178
node/7414170368,Stedum,station,Stm,53.3263606,6.6873925
node/7414177097,Loppersum,station,Lp,53.3347918,6.7474514
node/7414187411,Delfzijl West,station,Dzw,53.3320112,6.9070228
node/7414196774,Delfzijl,station,Dz,53.3337339,6.9237352
node/7414205076,Roodeschool,station,Rd,53.4210157,6.7583767
node/7414217648,Baflo,station,Bf,53.361054,6.5188465
node/7414249859,Uithuizen,station,Uhz,53.4096293,6.6746834
node/7414263308,Uithuizermeeden,station,Uhm,53.4139462,6.7202534
node/7414300382,Hoogezand-Sappemeer,station,Hgz,53.1597953,6.7709176
node/7414323306,Scheemda,station,Sda,53.1654348,6.977959
node/7414329623,Zuidbroek,station,Zb,53.1593423,6.8667625
node/7414352883,Veendam,station,Vdm,53.1049958,6.8862686
node/7414363761,Bad Nieuweschans,station,005,53.1847702,7.2005246
node/7510315998,Eindhoven Centraal,station,Ehv,51.4429623,5.4795265
node/7515219803,Maarheeze,station,Mz,51.3042309,5.6303829
node/7515219804,Heeze,station,Hze,51.3853329,5.5694204
node/7515240586,Oisterwijk,station,Ot,51.5821442,5.193898
node/7515245054,Vlissingen Souburg,station,Vss,51.4647139,3.5950865
node/7515245055,Middelburg,station,Mdb,51.4952465,3.6181236
node/7515245056,Arnemuiden,station,Arn,51.5015317,3.6695432
node/7515245057,Goes,station,Gs,51.498193,3.8893972
node/7515245058,Kapelle-Biezelinge,station,Bzl,51.4805125,3.9566104
node/7515262034,Kruiningen-Yerseke,station,Krg,51.4650521,4.037626
node/7515262035,Krabbendijke,station,Kbd,51.4333216,4.1171144
node/7537808626,Nijmegen Heyendaal,station,Nmh,51.8267778,5.8679526
node/7537808627,Mook-Molenhoek,station,Mmlh,51.7665425,5.8789752
node/7537810675,Oss,station,O,51.7652868,5.531271
node/7537818602,Cuijk,station,Ck,51.7266248,5.8741958
node/7537872516,Tegelen,station,Tg,51.3392858,6.1433761
node/7537872517,Reuver,station,Rv,51.2829798,6.0794073
node/7537872518,Swalmen,station,Sm,51.2354149,6.0315749
node/7537874944,Geleen Oost,station,Gln,50.9670581,5.8431636
node/7537874945,Geleen-Lutterade,station,Lut,50.9753479,5.8244583
node/7537874946,Echt,station,Ec,51.1001607,5.8788214
node/7537897481,Maastricht Noord,station,Mtn,50.8705194,5.7175501
node/7537897482,Bunde,station,Bde,50.8967761,5.7366435
node/7537897483,Houthem-Sint Gerlach,station,Sgl,50.8733866,5.7966263
node/7537897484,Voerendaal,station,Vdl,50.8868406,5.9294168
node/7537918485,Klimmen-Ransdaal,station,Kmr,50.8662625,5.8901666
node/7537918486,Schin op Geul,station,Sog,50.8562824,5.8720575
node/7566326655,Groningen Europapark,stop,4,53.2045716,6.5856218
node/7592965336,Leidschenveen,stop,M3,52.0643289,4.4007917
node/7606436203,Beesd,station,Bsd,51.8994088,5.1958729
node/7606436204,Leerdam,station,Ldm,51.8946156,5.0927911
node/7606436205,Boven Hardinxveld,station,Bhdv,51.8323509,4.8785268
node/7606436206,Hardinxveld Blauwe Zoom,station,Hbzm,51.8295797,4.8157538
node/7606436207,Sliedrecht,station,Sdt,51.8296105,4.7782401
node/7606470021,Ruurlo,station,Rl,52.0807573,6.4499208
node/7606470022,Winterswijk West,station,Www,51.9745937,6.7040281
node/7606470023,Winterswijk,station,Ww,51.968013,6.7147769
node/7606470024,Aalten,station,Atn,51.9213392,6.5787107
node/7606470025,Varsseveld,station,Vsv,51.9372071,6.4584952
node/7606487747,Terborg,station,Tbg,51.9226255,6.3642821
node/7606487748,Doetinchem,station,Dtc,51.9584492,6.295763
node/7606487749,Wehl,station,Wl,51.9571754,6.2137189
node/7606487750,Didam,station,Did,51.9333033,6.1324299
node/7606516674,Oosterbeek,station,Otb,51.9947831,5.8404874
node/7606517378,Twello,station,Twl,52.2383228,6.1007009
node/7606517379,Apeldoorn Osseveld,station,Apdo,52.2157325,6.0061053
node/7606517380,Apeldoorn De Maten,station,Apdm,52.2052214,6.0006634
node/7606517381,Klarenbeek,station,Kbk,52.1780369,6.0842046
node/7606517382,Voorst-Empe,station,Vem,52.1575224,6.1439192
node/7606517383,Arnhem Presikhaaf,station,Ahpr,51.9876005,5.9429188
node/7606517384,Velp,station,Vp,51.9950101,5.9809858
node/7606543785,Rheden,station,Rh,52.0099982,6.0307364
node/7606543786,Dieren,station,Dr,52.0446667,6.1029162
node/7606543787,Zutphen,station,Zp,52.1446293,6.1942652
node/7606543794,Gaanderen,station,Gdr,51.9308536,6.3483665
node/7606549516,Goor,station,Go,52.2302772,6.5850946
node/7606549517,Lochem,station,Lc,52.1668016,6.4263786
node/7606549518,Holten,station,Hon,52.2840788,6.4211684
node/7606549519,Deventer Colmschate,station,Dvc,52.25035,6.2156789
node/7606551859,Rijswijk,station,Rsw,52.03755,4.3220394
node/7606551860,Voorschoten,station,Vst,52.1262326,4.4336799
node/7606551861,De Vink,station,Dvnk,52.1471818,4.4563018
node/7606551862,Leiden Lammenschans,station,Ldl,52.1467516,4.4929317
node/7606551863,Bodegraven,station,Bdg,52.0814538,4.7462503
node/7606551877,Voorhout,station,Vh,52.2253573,4.484053
node/7606551878,Hillegom,station,Hil,52.30314,4.5660754
node/7606551879,Heemstede-Aerdenhout,station,Had,52.3595052,4.6067862
node/7606551880,Zandvoort aan Zee,station,Zvt,52.3757259,4.5314622
node/7606551881,Overveen,station,Ovn,52.3910774,4.6068322
node/7606551882,Haarlem Spaarnwoude,station,Hlms,52.3828478,4.6713542
node/7606555863,'s-Hertogenbosch Oost,station,Hto,51.7005543,5.3191158
node/7606555867,Spaubeek,station,064,50.9434247,5.8495905
node/7606556446,Nieuwerkerk aan den IJssel,station,Nwk,51.9653044,4.6168787
node/7606556447,Capelle Schollevaar,station,Cps,51.9541176,4.5840957
node/7606556448,Rotterdam Noord,station,Rtn,51.9422622,4.4815812
node/7606556449,Rotterdam Zuid,station,Rtz,51.9049018,4.5098521
node/7606556450,Rotterdam Lombardijen,station,Rlb,51.8803596,4.5310527
node/7606567286,Gouda Goverwelle,station,Gdg,52.0150128,4.7420993
node/7606581797,Driehuis,station,Drh,52.4427409,4.6387141
node/7606581798,Santpoort Noord,station,Sptn,52.4338437,4.6328181
node/7606581799,Santpoort Zuid,station,Sptz,52.4193488,4.6314176
node/7606581800,Bloemendaal,station,Bll,52.4043478,4.6276629
node/7606596763,Uitgeest,station,Utg,52.5214311,4.70259
node/7606596764,Heemskerk,station,Hk,52.4946348,4.6861262
node/7606596765,Beverwijk,station,Bv,52.4785365,4.6566186
node/7606617874,Amersfoort Schothorst,station,Amfs,52.1748604,5.4038593
node/7606617875,Amersfoort Vathorst,station,Avat,52.1925513,5.4336126
node/7606617876,Nijkerk,station,Nkk,52.2220274,5.4935229
node/7606617877,Putten,station,Pt,52.2654979,5.5758773
node/7606617878,Nunspeet,station,Ns,52.3708164,5.7844187
node/7606617879,'t Harde,station,Hde,52.4091474,5.8930152
node/7606617880,Wezep,station,Wz,52.4543848,6.003111
node/7606645163,Utrecht Overvecht,station,Uto,52.1101212,5.1257618
node/7606645164,Bilthoven,station,Bhv,52.1301876,5.2046838
node/7606645165,Den Dolder,station,Dld,52.1402279,5.2420971
node/7606648989,Kampen,station,Kpn,52.5597878,5.92163
node/7606656809,Bussum Zuid,station,Bsmz,52.2658951,5.1628737
node/7606656810,Hilversum Media Park,station,1,52.2378723,5.1740114
node/7606656811,Hilversum,station,Hvs,52.2265342,5.1812974
node/7606656812,Hilversum Sportpark,station,Hvsp,52.2164296,5.1873161
node/7606656813,Hollandsche Rading,station,Hor,52.1780793,5.1793156
node/7606656814,Baarn,station,Brn,52.2080875,5.2817232
node/7606656815,Soest Zuid,station,Stz,52.1651988,5.3028921
node/7606657354,Waddinxveen Triangel,station,Wadt,52.0272134,4.6490359
node/7606657355,Waddinxveen,station,Wad,52.0440583,4.6499035
node/7606657356,Waddinxveen Noord,station,Wadn,52.0552626,4.648369
node/7606657357,Boskoop Snijdelwijk,station,Bsks,52.067341,4.6462703
node/7606657358,Boskoop,station,Bsk,52.0770639,4.6466297
node/7606672546,Bunnik,station,Bnk,52.0632104,5.1957958
node/7606672547,Maarn,station,Mrn,52.0640966,5.3706605
node/7606712031,Barneveld Noord,station,Bnn,52.1611568,5.598379
node/7606712032,Lunteren,station,Ltn,52.0851185,5.6243005
node/7606712033,Ede Centrum,station,Edc,52.0432539,5.6681895
node/7606735798,Rhenen,station,Rhn,51.9579068,5.5783079
node/7606758007,Hengelo Gezondheidspark,station,Hglg,52.2616919,6.7679488
node/7606761910,Delden,station,Ddn,52.2600838,6.7151462
node/7606761911,Borne,station,Bn,52.2986128,6.7484512
node/7606761912,Almelo de Riet,station,Amri,52.3420988,6.6666467
node/7606761913,Nijverdal,station,Nvd,52.366378,6.4624207
node/7606761914,Heino,station,Hno,52.4269576,6.222031
node/7606761915,Raalte,station,Rat,52.3914177,6.27823
node/7606763156,Grijpskerk,station,Gk,53.2557864,6.3098856
node/7606786655,Dalfsen,station,Dl,52.4982281,6.2594892
node/7606786656,Ommen,station,Omn,52.5097013,6.4172206
node/7606786657,Vriezenveen,station,Vz,52.4020925,6.6004536
node/7606786768,Assen,station,Asn,52.992265,6.5712455
node/7606791156,Emmen,station,Emn,52.7906288,6.8997205
node/7606791157,Emmen Zuid,station,Emnz,52.7487147,6.8743301
node/7606791158,Dalen,station,Dln,52.6946895,6.7585202
node/7606791159,Gramsbergen,station,Gbg,52.6098651,6.676362
node/7606793098,Beilen,station,Bl,52.8550649,6.5213108
node/7606793099,Meppel,station,Mp,52.6919049,6.1979382
node/7606802764,Steenwijk,station,Swk,52.7911743,6.1164515
node/7606802765,Wolvega,station,Wv,52.8802422,6.0047673
node/7606802766,Heerenveen,station,Hr,52.9607031,5.9153474
node/7606818525,Harlingen Haven,station,Hlgh,53.1746159,5.4114962
node/7606819558,Daarlerveen,station,Da,52.4411354,6.5760173
node/7607044117,Eys-Wittem,stop,Wtm,50.823222,5.9247316
node/7607097523,Simpelveld,stop,Spv,50.8314013,5.9784901
node/7607245703,Haaksbergen,stop,,52.1585101,6.7385294
node/7607257505,Veendam,stop,,53.1039861,6.8853358
node/7607257508,Wildervank,stop,,53.0838181,6.8708196
node/7607265117,Stadskanaal,stop,,52.996187,6.9355971
node/7607272826,Bareveld,stop,,53.0536671,6.850412
node/7610597877,Goes (SGB),station,Gs,51.4971093,3.8828193
node/7610638449,'s-Gravenpolder-'s-Heer Abtskerke,stop,Gha,51.4620832,3.8922183
node/7610643507,Nisse,station,Ni,51.4539408,3.8801356
node/7657203017,Grote Markt,station,,52.0755925,4.3095253
node/7657203018,Spui,station,,52.0772798,4.3143067
node/7657203019,Centraal Station,station,,52.0810996,4.3242084
node/7657203020,Beatrixkwartier,station,,52.0799782,4.3349578
node/8324904398,Maastricht,stop,3,50.8506844,5.7052034
node/8324904399,Maastricht,stop,2,50.8505675,5.705126
node/8324904400,Maastricht,stop,1,50.8505398,5.7049544
node/8809765292,Hoek van Holland Strand,stop,,51.9868574,4.1056731
node/8809765346,Hoek van Holland Strand,station,HHS,51.9869919,4.1054542
node/8984211801,Geldermalsen,stop,6,51.8826031,5.2711309
node/8984211808,Geldermalsen,stop,7,51.8825733,5.2709444
node/9071577584,Museum,station,,52.1594303,4.44381
node/9071577585,Depot,halt,,52.1662897,4.4437069
node/9179010523,Leiden Centraal,stop,5a,52.1677442,4.4840696
node/9335077218,Leiden Centraal,stop,9a,52.1679186,4.4836989
node/9535431428,Meulenhorn,stop,1,53.1697426,6.3946997
node/9536824642,Nienoord Centraal,stop,4,53.168621,6.3966227
node/9547176841,Nienoord Zuid,stop,2,53.1665606,6.3968755
node/9566731577,Goes,stop,Gs,51.4971436,3.8827656
node/9570781849,Lansingerland-Zoetermeer,station,,52.0415172,4.5191922
node/9604186662,Delft,stop,4,52.0072307,4.3564642
node/9604269471,Deurne,stop,3,51.4554758,5.7909576
node/9604339766,Beesd,stop,1,51.899434,5.1957838
node/9604350295,Nijmegen,stop,35,51.8422083,5.8522932
node/9604440969,Barendrecht,stop,1,51.8545474,4.5536533
node/9604440970,Barendrecht,stop,4,51.8544428,4.5534099
node/9604442721,Rotterdam Lombardijen,stop,1,51.8804256,4.5312934
node/9604442722,Rotterdam Lombardijen,stop,4,51.8802913,4.530815
node/9604452073,Rijswijk,stop,4,52.0376012,4.3222632
node/9604452074,Rijswijk,stop,2,52.0374776,4.3220748
node/9604465717,Rotterdam Zuid,stop,1,51.9049557,4.510009
node/9604465718,Rotterdam Zuid,stop,4,51.9048453,4.5096765
node/9604474649,Kerkrade Centrum,stop,2,50.8613773,6.0573113
node/9604490378,Rotterdam Blaak,stop,1,51.9202058,4.4892133
node/9604490379,Rotterdam Blaak,stop,4,51.9200369,4.4888087
node/9604500835,Eygelshoven,stop,1,50.8897157,6.046364
node/9604509706,Maastricht Randwyck,stop,3,50.8376792,5.7174297
node/9604554853,Lelystad Centrum,stop,3,52.507646,5.4727766
node/9604554854,Lelystad Centrum,stop,2,52.507644,5.4727178
node/9604561636,De Vink,stop,2,52.1472007,4.456286
node/9604561637,De Vink,stop,3,52.14718,4.4563331
node/9604566973,Voorschoten,stop,2,52.1262345,4.4336463
node/9604566974,Voorschoten,stop,3,52.1262143,4.433693
node/9604567337,Leiden Centraal,stop,2,52.1658583,4.4820517
node/9604567338,Leiden Centraal,stop,1,52.1657922,4.4821781
node/9604567339,Leiden Centraal,station,Ledn,52.166319,4.482286
node/9604743605,Arnhem Centraal,stop,4a,51.9850317,5.8985787
node/9604743606,Arnhem Centraal,stop,6a,51.9851091,5.8986166
node/9673547598,Emmen Zuid,stop,2,52.7486562,6.874406
node/10055685733,Heerlen,stop,,50.8906909,5.9759637
node/10133701508,Wassenaarse Wetering/Zandwinning,halt,,52.1623641,4.4320196
node/10204515338,Ede-Wageningen,stop,5,52.0270322,5.6755207
node/11013743255,Rotterdam Stadion,stop,Rtst,51.8938466,4.5198161
node/11013743256,Rotterdam Stadion,stop,Rtst,51.8938617,4.5195536
node/11208806839,Meerssen,station,Mes,50.8826069,5.7501291
node/11240917839,,station,,51.9655257,5.7296983
node/11374459005,Oldenzaal,stop,1b,52.306641,6.9372966
node/11743486672,Crazy River,station,23,52.4417294,5.7651956
node/11878347328,S3 Bargermond,halt,,52.7546978,7.0308536
node/11878347329,S2' Aole Compas,halt,,52.7562898,7.0344882
node/11925155339,S1 Berkenrode,halt,,52.7561028,7.0274692
node/11925302890,S4 Twee Provinciën,halt,,52.7577688,7.0260676
node/11925302894,S5 Hoogveengebied,halt,,52.758314,7.0214067
node/12015429687,Tilburg,stop,4,51.560825,5.0833807
node/12140867705,S2 Aole Compas,halt,,52.756271,7.0328954
node/12218592453,Middelplaat Haven (RTM),station,,51.7548458,3.8345528
node/12698955736,Meulenhorn,stop,2,53.1697194,6.3947163
node/12698955739,Nienoord Centraal,stop,2,53.1685793,6.3965998
node/12698955740,Nienoord Centraal,stop,1,53.1685683,6.3966034
node/12698955741,Nienoord Zuid,stop,1,53.1665608,6.3968452
node/12702194136,Nienoord Centraal,stop,3,53.1686059,6.3965533
node/12959335862,Groningen,stop,4,53.2103503,6.5641552
node/12959386794,Groningen,stop,7,53.2099952,6.5641929
node/12959389522,Groningen,stop,5,53.2101767,6.5641726
node/12959406439,Groningen,stop,6,53.2101273,6.5641757
node/12960986642,Groningen,stop,1,53.2105852,6.5641378
node/12960986643,Groningen,stop,2,53.2105347,6.5642295
node/13058465677,Vught,stop,1,51.6498147,5.2927632
node/13058465678,Vught,stop,2,51.649811,5.2927051
